"ID","sequence name","mcg","gvh","alm","mit","erl","pox","vac","nuc","class"
470,"IRE1_YEAST",0.89,0.81,0.36,0.71,0.5,0,0.55,0.63,"ME1"
1277,"TOR2_YEAST",0.49,0.5,0.42,0.43,0.5,0,0.5,0.36,"VAC"
393,"HAP2_YEAST",0.47,0.49,0.63,0.17,0.5,0,0.31,0.26,"NUC"
544,"MA6T_YEAST",0.39,0.37,0.33,0.23,0.5,0,0.52,0.26,"ME3"
444,"HXT3_YEAST",0.34,0.4,0.3,0.23,0.5,0,0.51,0.22,"ME3"
1075,"TRAM_YEAST",0.47,0.52,0.54,0.25,0.5,0,0.54,0.29,"MIT"
107,"CAPB_YEAST",0.3,0.56,0.55,0.18,0.5,0,0.5,0.22,"CYT"
900,"REB1_YEAST",0.58,0.31,0.6,0.12,0.5,0,0.47,0.33,"NUC"
252,"DA81_YEAST",0.39,0.28,0.46,0.12,0.5,0,0.41,0.22,"NUC"
425,"HR25_YEAST",0.43,0.39,0.51,0.28,0.5,0,0.4,0.22,"NUC"
85,"ATR1_YEAST",0.28,0.58,0.21,0.13,0.5,0,0.51,0.22,"ME3"
15,"ACT_YEAST",0.46,0.44,0.52,0.11,0.5,0,0.5,0.22,"CYT"
1078,"SED5_YEAST",0.42,0.28,0.33,0.23,0.5,0,0.39,0.26,"ME3"
1142,"SPR1_YEAST",0.66,0.65,0.54,0.4,0.5,0,0.51,0.22,"EXC"
1032,"R167_YEAST",0.37,0.37,0.51,0.38,0.5,0,0.44,0.22,"CYT"
1151,"SP23_YEAST",0.48,0.65,0.36,0.24,0.5,0,0.54,0.31,"NUC"
185,"KCC1_YEAST",0.31,0.55,0.52,0.17,0.5,0,0.52,0.22,"CYT"
869,"UCRQ_YEAST",0.57,0.6,0.54,0.17,0.5,0,0.52,0.22,"MIT"
1094,"SIP2_YEAST",0.42,0.42,0.55,0.31,0.5,0,0.43,0.22,"NUC"
788,"H150_YEAST",0.74,0.71,0.52,0.3,0.5,0,0.27,0.22,"EXC"
656,"RU1A_YEAST",0.47,0.46,0.55,0.28,0.5,0,0.44,0.46,"NUC"
1015,"R26B_YEAST",0.46,0.54,0.59,0.41,0.5,0,0.53,0.21,"CYT"
1191,"ST14_YEAST",0.4,0.65,0.38,0.17,0.5,0,0.57,0.22,"ME3"
291,"KIME_YEAST",0.59,0.58,0.46,0.19,0.5,0,0.56,0.27,"CYT"
855,"PTR2_YEAST",0.36,0.33,0.38,0.15,0.5,0,0.55,0.36,"ME3"
162,"CLH_YEAST",0.54,0.49,0.49,0.2,0.5,0,0.52,0.22,"CYT"
550,"MAS6_YEAST",0.41,0.41,0.51,0.19,0.5,0,0.57,0.22,"MIT"
1116,"SMF2_YEAST",0.23,0.37,0.32,0.13,0.5,0,0.53,0.22,"MIT"
574,"MT17_YEAST",0.34,0.54,0.54,0.13,0.5,0,0.52,0.22,"CYT"
1178,"SSB1_YEAST",0.44,0.39,0.63,0.11,0.5,0,0.49,0.26,"NUC"
1439,"YHU0_YEAST",0.63,0.71,0.44,0.53,0.5,0,0.52,0.22,"ME2"
1457,"TCTP_YEAST",0.47,0.38,0.58,0.19,0.5,0,0.57,0.22,"CYT"
35,"AGA2_YEAST",0.74,0.67,0.47,0.34,0.5,0,0.42,0.22,"EXC"
265,"DLD1_YEAST",0.47,0.65,0.54,0.62,0.5,0,0.53,0.36,"MIT"
1443,"YHY1_YEAST",0.77,0.68,0.35,0.19,0.5,0,0.53,0.43,"ME1"
68,"CHMU_YEAST",0.47,0.39,0.59,0.15,0.5,0,0.57,0.22,"CYT"
1473,"YPT1_YEAST",0.6,0.61,0.54,0.11,0.5,0,0.46,0.22,"CYT"
504,"KR11_YEAST",0.27,0.56,0.56,0.18,0.5,0,0.52,0.22,"CYT"
294,"ER24_YEAST",0.63,0.61,0.41,0.22,0.5,0,0.51,0.22,"ME3"
705,"YK62_YEAST",0.7,0.51,0.47,0.24,0.5,0,0.53,0.25,"NUC"
1349,"YP51_YEAST",0.63,0.56,0.52,0.21,0.5,0,0.5,0.22,"CYT"
1215,"SUP1_YEAST",0.41,0.49,0.55,0.13,0.5,0,0.55,0.22,"CYT"
771,"PHD1_YEAST",0.48,0.46,0.58,0.26,0.5,0,0.44,0.22,"NUC"
953,"RPC2_YEAST",0.46,0.53,0.47,0.37,0.5,0,0.51,0.36,"NUC"
894,"RAM2_YEAST",0.4,0.6,0.5,0.16,0.5,0,0.51,0.22,"CYT"
665,"YNE2_YEAST",0.44,0.41,0.29,0.21,0.5,0,0.49,0.22,"ME3"
225,"CSE1_YEAST",0.58,0.56,0.45,0.12,0.5,0,0.51,0.22,"NUC"
1002,"RPB1_YEAST",0.44,0.62,0.53,0.27,0.5,0,0.49,0.22,"NUC"
1239,"G3P3_YEAST",0.61,0.52,0.5,0.44,0.5,0,0.53,0.22,"CYT"
342,"GAL7_YEAST",0.5,0.5,0.48,0.17,0.5,0,0.47,0.26,"CYT"
1436,"YHQ1_YEAST",0.72,0.73,0.41,0.28,0.5,0,0.44,0.22,"ME1"
9,"ABP1_YEAST",0.4,0.39,0.6,0.15,0.5,0,0.58,0.3,"CYT"
176,"KC21_YEAST",0.31,0.31,0.56,0.33,0.5,0,0.52,0.33,"NUC"
1183,"SSO1_YEAST",0.41,0.42,0.23,0.16,0.5,0,0.4,0.22,"ME3"
533,"LY14_YEAST",0.44,0.53,0.43,0.17,0.5,0,0.54,0.75,"NUC"
1117,"SMY1_YEAST",0.54,0.5,0.51,0.26,0.5,0,0.52,0.22,"CYT"
113,"CB32_YEAST",0.4,0.44,0.49,0.47,0.5,0,0.49,0.27,"NUC"
1467,"RL13_YEAST",0.38,0.48,0.57,0.3,0.5,0,0.41,0.11,"CYT"
530,"DLDH_YEAST",0.48,0.48,0.5,0.47,0.5,0,0.55,0.22,"MIT"
328,"SYFB_YEAST",0.47,0.47,0.58,0.16,0.5,0,0.49,0.28,"CYT"
1440,"YHU2_YEAST",0.6,0.68,0.3,0.27,0.5,0,0.55,0.22,"ME3"
1469,"YMC2_YEAST",0.38,0.47,0.47,0.18,0.5,0,0.44,0.26,"MIT"
989,"RL41_YEAST",0.35,0.21,1,0.8,0.5,0,0.13,0.01,"CYT"
87,"BAR1_YEAST",0.8,0.63,0.45,0.29,0.5,0,0.51,0.22,"EXC"
1055,"SC17_YEAST",0.46,0.44,0.58,0.17,0.5,0,0.55,0.22,"CYT"
964,"R14A_YEAST",0.57,0.43,0.52,0.3,0.5,0,0.37,0.11,"CYT"
1299,"TTP1_YEAST",0.79,0.62,0.35,0.35,0.5,0,0.6,0.28,"ME2"
397,"HCM1_YEAST",0.46,0.57,0.57,0.15,0.5,0,0.52,0.26,"NUC"
1285,"TPS2_YEAST",0.54,0.43,0.48,0.27,0.5,0,0.44,0.41,"CYT"
711,"ATP6_YEAST",0.52,0.64,0.34,0.16,0.5,0,0.57,0.22,"MIT"
990,"RL41_YEAST",0.35,0.21,1,0.8,0.5,0,0.13,0.01,"CYT"
1187,"SST2_YEAST",0.46,0.41,0.43,0.18,0.5,0,0.54,0.22,"ME3"
489,"KAR3_YEAST",0.34,0.31,0.6,0.37,0.5,0,0.5,0.3,"NUC"
532,"LYS1_YEAST",0.5,0.45,0.48,0.17,0.5,0,0.5,0.26,"CYT"
269,"DPM1_YEAST",0.54,0.42,0.41,0.16,0.5,0,0.52,0.22,"ME2"
166,"PEM1_YEAST",0.42,0.42,0.42,0.2,0.5,0,0.49,0.22,"ME3"
886,"RA54_YEAST",0.43,0.41,0.51,0.34,0.5,0,0.49,0.28,"NUC"
122,"CBS2_YEAST",0.67,0.62,0.54,0.43,0.5,0,0.53,0.22,"MIT"
786,"LONM_YEAST",0.47,0.54,0.53,0.77,0.5,0,0.52,0.36,"MIT"
1347,"VP16_YEAST",0.41,0.48,0.51,0.2,0.5,0,0.51,0.22,"CYT"
606,"RM41_YEAST",0.52,0.5,0.59,0.31,0.5,0,0.5,0.22,"MIT"
1229,"TBF1_YEAST",0.44,0.65,0.49,0.16,0.5,0,0.48,0.31,"NUC"
3,"AAR2_YEAST",0.58,0.44,0.57,0.13,0.5,0,0.54,0.22,"NUC"
1343,"VPH1_YEAST",0.57,0.54,0.32,0.15,0.5,0,0.52,0.25,"VAC"
568,"AGAL_YEAST",0.68,0.68,0.49,0.15,0.5,0,0.53,0.22,"EXC"
1449,"YIN4_YEAST",0.58,0.67,0.49,0.16,0.5,0,0.47,0.28,"MIT"
442,"HXT1_YEAST",0.3,0.5,0.34,0.26,0.5,0,0.51,0.22,"ME3"
508,"KRE9_YEAST",0.87,0.83,0.57,0.36,0.5,0,0.36,0.22,"EXC"
1385,"YB33_YEAST",0.46,0.59,0.38,0.12,0.5,0,0.5,0.22,"ME3"
907,"RFA1_YEAST",0.35,0.42,0.56,0.28,0.5,0,0.47,0.22,"NUC"
277,"EF1B_YEAST",0.39,0.45,0.53,0.18,0.5,0,0.54,0.22,"CYT"
4,"AATM_YEAST",0.42,0.44,0.48,0.54,0.5,0,0.48,0.22,"MIT"
767,"G6PI_YEAST",0.46,0.46,0.53,0.23,0.5,0,0.51,0.22,"CYT"
60,"ARGD_YEAST",0.43,0.35,0.52,0.52,0.5,0,0.54,0.22,"MIT"
141,"UBC3_YEAST",0.58,0.48,0.51,0.47,0.5,0,0.55,0.22,"NUC"
1113,"SMC2_YEAST",0.4,0.75,0.44,0.12,0.5,0,0.49,0.22,"NUC"
1120,"SNC2_YEAST",0.25,0.35,0.22,0.18,0.5,0,0.46,0.22,"ME3"
881,"RAD4_YEAST",0.33,0.28,0.52,0.15,0.5,0,0.51,0.86,"NUC"
1124,"SNF4_YEAST",0.43,0.47,0.47,0.18,0.5,0,0.47,0.22,"CYT"
1121,"SNF1_YEAST",0.39,0.45,0.51,0.29,0.5,0,0.54,0.22,"CYT"
987,"RL44_YEAST",0.34,0.34,0.65,0.4,0.5,0,0.32,0.16,"CYT"
575,"MT28_YEAST",0.43,0.83,0.55,0.2,0.5,0,0.47,0.4,"NUC"
658,"MYS1_YEAST",0.58,0.38,0.4,0.21,0.5,0,0.5,0.22,"CYT"
1428,"YHF0_YEAST",0.5,0.63,0.45,0.13,0.5,0,0.45,0.32,"ME3"
1110,"SLY1_YEAST",0.64,0.31,0.53,0.15,0.5,0,0.53,0.31,"CYT"
1090,"SIC1_YEAST",0.42,0.43,0.67,0.7,0.5,0,0.42,0.25,"CYT"
137,"CC27_YEAST",0.48,0.54,0.5,0.17,0.5,0,0.53,0.22,"NUC"
1193,"STE2_YEAST",0.49,0.55,0.41,0.19,0.5,0,0.48,0.31,"ME3"
1354,"OSTB_YEAST",0.78,0.71,0.35,0.25,0.5,0,0.49,0.22,"ME1"
313,"F26_YEAST",0.71,0.59,0.53,0.15,0.5,0,0.49,0.33,"CYT"
55,"ARF2_YEAST",0.64,0.56,0.56,0.22,0.5,0,0.45,0.22,"CYT"
854,"PTP2_YEAST",0.45,0.27,0.5,0.33,0.5,0,0.53,0.26,"CYT"
93,"BDF1_YEAST",0.33,0.43,0.64,0.16,0.5,0,0.52,0.52,"NUC"
946,"RPB4_YEAST",0.38,0.44,0.55,0.44,0.5,0,0.47,0.51,"NUC"
1204,"STU1_YEAST",0.33,0.37,0.49,0.22,0.5,0,0.55,0.22,"CYT"
6,"ABC1_YEAST",0.5,0.54,0.48,0.65,0.5,0,0.53,0.22,"MIT"
1025,"RS4E_YEAST",0.53,0.57,0.6,0.36,0.5,0,0.5,0.22,"CYT"
673,"NAP1_YEAST",0.36,0.39,0.55,0.26,0.5,0,0.49,0.22,"NUC"
892,"SRS2_YEAST",0.51,0.61,0.5,0.23,0.5,0,0.52,0.61,"NUC"
904,"RED1_YEAST",0.57,0.55,0.52,0.16,0.5,0,0.49,0.39,"NUC"
507,"KRE6_YEAST",0.37,0.55,0.29,0.32,0.5,0,0.51,0.22,"ME3"
244,"CYAA_YEAST",0.2,0.26,0.52,0.14,0.5,0,0.53,0.44,"CYT"
133,"CC16_YEAST",0.62,0.51,0.52,0.42,0.5,0,0.54,0.27,"NUC"
650,"MS18_YEAST",0.63,0.47,0.56,0.12,0.5,0,0.5,0.22,"MIT"
303,"EST1_YEAST",0.35,0.6,0.47,0.13,0.5,0,0.52,0.43,"NUC"
132,"CC12_YEAST",0.6,0.5,0.57,0.25,0.5,0,0.41,0.26,"CYT"
1382,"YB00_YEAST",0.25,0.41,0.47,0.14,0.5,0,0.56,0.68,"NUC"
1067,"SC62_YEAST",0.54,0.44,0.35,0.19,0.5,0,0.51,0.27,"ME3"
200,"COXZ_YEAST",0.57,0.57,0.44,0.37,0.5,0,0.52,0.25,"MIT"
1379,"MRF1_YEAST",0.46,0.61,0.55,0.29,0.5,0,0.49,0.22,"MIT"
351,"E2BE_YEAST",0.32,0.38,0.52,0.2,0.5,0,0.52,0.28,"CYT"
292,"ERG2_YEAST",0.92,0.61,0.4,0.22,0.5,0,0.54,0.22,"ME2"
916,"RHO2_YEAST",0.64,0.44,0.51,0.35,0.5,0,0.53,0.22,"CYT"
1173,"HS72_YEAST",0.51,0.48,0.51,0.19,0.5,0,0.51,0.27,"CYT"
1005,"RS6_YEAST",0.46,0.33,0.45,0.22,0.5,0,0.41,0.37,"CYT"
1213,"IF2B_YEAST",0.41,0.35,0.6,0.22,0.5,0,0.56,0.79,"CYT"
800,"PMS1_YEAST",0.38,0.48,0.51,0.13,0.5,0,0.5,0.32,"NUC"
1095,"SIR1_YEAST",0.45,0.41,0.53,0.49,0.5,0,0.49,0.31,"NUC"
1454,"MAOX_YEAST",0.57,0.59,0.49,0.86,0.5,0,0.47,0.22,"NUC"
1034,"FIMB_YEAST",0.51,0.4,0.5,0.28,0.5,0,0.48,0.27,"CYT"
1016,"R271_YEAST",0.39,0.65,0.57,0.19,0.5,0,0.44,0.25,"CYT"
1076,"SED1_YEAST",0.77,0.82,0.4,0.36,0.5,0,0.38,0.22,"ME1"
703,"N100_YEAST",0.9,0.54,0.59,0.2,0.5,0,0.48,0.22,"NUC"
161,"RLUB_YEAST",0.4,0.42,0.71,0.21,0.5,0,0.54,0.32,"CYT"
212,"COX9_YEAST",0.67,0.68,0.46,0.29,0.5,0,0.46,0.22,"MIT"
765,"PROF_YEAST",0.47,0.49,0.6,0.15,0.5,0,0.38,0.22,"CYT"
419,"MAT2_YEAST",0.51,0.48,0.58,0.22,0.5,0,0.5,0.28,"NUC"
1145,"SX19_YEAST",0.32,0.68,0.51,0.16,0.5,0.83,0.55,0.22,"POX"
296,"ERG4_YEAST",0.36,0.46,0.43,0.19,0.5,0,0.48,0.22,"ME3"
319,"FOX2_YEAST",0.69,0.6,0.51,0.13,0.5,0.83,0.52,0.22,"POX"
895,"RAP1_YEAST",0.54,0.53,0.53,0.17,0.5,0,0.51,0.39,"NUC"
1265,"TIP1_YEAST",0.77,0.7,0.44,0.29,0.5,0,0.56,0.22,"ME1"
819,"CBPY_YEAST",0.69,0.7,0.5,0.3,0.5,0,0.54,0.22,"VAC"
1049,"SEC1_YEAST",0.6,0.51,0.49,0.18,0.5,0,0.53,0.38,"CYT"
1250,"TF3A_YEAST",0.41,0.59,0.65,0.14,0.5,0,0.49,0.33,"NUC"
959,"RPC3_YEAST",0.29,0.4,0.5,0.16,0.5,0,0.51,0.34,"NUC"
467,"IPYR_YEAST",0.43,0.51,0.6,0.25,0.5,0,0.55,0.22,"CYT"
441,"HXKB_YEAST",0.41,0.43,0.5,0.28,0.5,0,0.5,0.22,"CYT"
416,"MAT1_YEAST",0.37,0.22,0.64,0.35,0.5,0,0.47,0.22,"NUC"
238,"CYB2_YEAST",0.53,0.44,0.51,0.33,0.5,0,0.52,0.22,"MIT"
1197,"STE5_YEAST",0.45,0.57,0.52,0.21,0.5,0,0.54,0.38,"NUC"
1420,"YGP1_YEAST",0.8,0.79,0.43,0.25,0.5,0,0.52,0.22,"EXC"
807,"DPOD_YEAST",0.25,0.39,0.5,0.23,0.5,0,0.5,0.28,"NUC"
222,"CRM1_YEAST",0.56,0.52,0.48,0.17,0.5,0,0.46,0.22,"NUC"
346,"GAS1_YEAST",0.7,0.69,0.43,0.33,0.5,0,0.58,0.22,"ME1"
740,"PDR1_YEAST",0.33,0.38,0.45,0.19,0.5,0,0.54,0.37,"NUC"
1031,"R161_YEAST",0.49,0.4,0.58,0.23,0.5,0,0.47,0.27,"CYT"
893,"RAM1_YEAST",0.59,0.47,0.51,0.53,0.5,0,0.53,0.26,"CYT"
933,"RS24_YEAST",0.61,0.38,0.57,0.36,0.5,0,0.44,0.21,"CYT"
936,"R17B_YEAST",0.43,0.33,0.54,0.37,0.5,0,0.38,0.16,"CYT"
1074,"SEC9_YEAST",0.39,0.3,0.63,0.2,0.5,0,0.43,0.47,"CYT"
849,"PRT1_YEAST",0.59,0.46,0.48,0.46,0.5,0,0.49,0.22,"CYT"
912,"RFC4_YEAST",0.55,0.45,0.58,0.25,0.5,0,0.49,0.22,"NUC"
1177,"HS76_YEAST",0.6,0.46,0.51,0.1,0.5,0,0.48,0.31,"CYT"
1255,"SYTC_YEAST",0.31,0.31,0.57,0.15,0.5,0,0.5,0.22,"CYT"
591,"MLP1_YEAST",0.46,0.55,0.61,0.13,0.5,0,0.47,0.22,"CYT"
935,"R17A_YEAST",0.43,0.33,0.54,0.37,0.5,0,0.38,0.16,"CYT"
1301,"TBA1_YEAST",0.59,0.46,0.57,0.17,0.5,0,0.52,0.22,"CYT"
1011,"RS22_YEAST",0.46,0.39,0.54,0.22,0.5,0,0.48,0.25,"CYT"
302,"ESP1_YEAST",0.55,0.46,0.46,0.31,0.5,0,0.58,0.48,"NUC"
728,"PAS7_YEAST",0.5,0.51,0.57,0.27,0.5,0,0.48,0.22,"POX"
98,"YMC4_YEAST",0.78,0.75,0.4,0.28,0.5,0,0.53,0.22,"MIT"
536,"MAD1_YEAST",0.62,0.64,0.56,0.2,0.5,0,0.48,0.33,"NUC"
1471,"RMR3_YEAST",0.51,0.45,0.62,0.25,0.5,0,0.59,0.22,"MIT"
329,"FUMH_YEAST",0.41,0.39,0.51,0.52,0.5,0,0.49,0.22,"CYT"
986,"RL44_YEAST",0.34,0.34,0.65,0.4,0.5,0,0.32,0.16,"CYT"
364,"DHE4_YEAST",0.38,0.47,0.53,0.12,0.5,0,0.48,0.22,"CYT"
391,"HAL1_YEAST",0.38,0.49,0.61,0.13,0.5,0,0.54,0.22,"CYT"
1010,"RS15_YEAST",0.48,0.41,0.52,0.33,0.5,0,0.51,0.26,"CYT"
1362,"YAF1_YEAST",0.45,0.51,0.43,0.22,0.5,0,0.57,0.22,"NUC"
631,"MRS2_YEAST",0.55,0.59,0.47,0.64,0.5,0,0.54,0.33,"MIT"
1478,"R29B_YEAST",0.38,0.4,0.66,0.35,0.5,0,0.43,0.11,"CYT"
842,"PR06_YEAST",0.49,0.45,0.57,0.24,0.5,0,0.47,0.38,"NUC"
395,"HAP4_YEAST",0.56,0.57,0.63,0.39,1,0,0.59,0.4,"NUC"
1287,"TRK1_YEAST",0.55,0.39,0.39,0.47,0.5,0,0.5,0.83,"ME3"
563,"MD10_YEAST",0.32,0.47,0.55,0.25,0.5,0,0.49,0.22,"MIT"
209,"COX6_YEAST",0.5,0.4,0.56,0.7,0.5,0,0.5,0.22,"MIT"
751,"PES4_YEAST",0.67,0.46,0.58,0.3,0.5,0,0.57,0.27,"NUC"
1390,"YB91_YEAST",0.43,0.6,0.4,0.12,0.5,0,0.49,0.29,"ME3"
403,"HEM2_YEAST",0.53,0.43,0.47,0.15,0.5,0,0.58,0.22,"CYT"
189,"CALB_YEAST",0.37,0.42,0.51,0.11,0.5,0,0.57,0.22,"CYT"
968,"RL16_YEAST",0.61,0.53,0.59,0.17,0.5,0,0.44,0.28,"CYT"
701,"NUF2_YEAST",0.64,0.76,0.51,0.18,0.5,0,0.46,0.22,"NUC"
1080,"SEN2_YEAST",0.48,0.5,0.47,0.29,0.5,0,0.46,0.27,"NUC"
637,"MSH1_YEAST",0.49,0.44,0.45,0.55,0.5,0,0.48,0.22,"MIT"
1433,"YHK8_YEAST",0.49,0.56,0.37,0.2,0.5,0,0.53,0.22,"ME3"
1263,"IF52_YEAST",0.44,0.54,0.51,0.16,0.5,0,0.58,0.22,"CYT"
851,"SNM1_YEAST",0.37,0.44,0.51,0.56,0.5,0,0.5,0.38,"NUC"
1225,"OSTD_YEAST",0.78,0.73,0.27,0.28,0.5,0,0.56,0.22,"ME1"
546,"AMPM_YEAST",0.48,0.51,0.57,0.24,0.5,0,0.5,0.22,"CYT"
108,"ARGI_YEAST",0.65,0.65,0.52,0.16,0.5,0,0.6,0.22,"CYT"
513,"KTR3_YEAST",0.58,0.76,0.4,0.37,0.5,0,0.54,0.3,"ME2"
565,"EFG1_YEAST",0.53,0.48,0.45,0.44,0.5,0,0.49,0.27,"MIT"
414,"HMD1_YEAST",0.51,0.63,0.3,0.35,0.5,0,0.53,0.27,"ME3"
373,"GLN3_YEAST",0.43,0.54,0.58,0.16,0.5,0,0.5,0.36,"NUC"
445,"HXT4_YEAST",0.43,0.44,0.3,0.18,0.5,0,0.51,0.22,"ME3"
37,"SYAC_YEAST",0.4,0.45,0.57,0.18,0.5,0,0.56,0.26,"CYT"
284,"ENO2_YEAST",0.45,0.56,0.53,0.32,0.5,0,0.57,0.22,"CYT"
726,"UBCX_YEAST",0.47,0.43,0.59,0.27,0.5,0,0.55,0.22,"POX"
896,"RAS1_YEAST",0.61,0.46,0.54,0.11,0.5,0,0.47,0.22,"CYT"
576,"MET4_YEAST",0.55,0.65,0.5,0.28,0.5,0,0.55,0.22,"NUC"
190,"CALX_YEAST",0.75,0.7,0.38,0.27,0.5,0,0.49,0.22,"ME1"
775,"PPA3_YEAST",0.77,0.72,0.48,0.26,0.5,0,0.51,0.22,"EXC"
1328,"RSU2_YEAST",0.54,0.35,0.55,0.19,0.5,0,0.3,0.22,"CYT"
768,"PGK_YEAST",0.48,0.42,0.48,0.19,0.5,0,0.58,0.22,"CYT"
1203,"STP1_YEAST",0.48,0.54,0.56,0.29,0.5,0,0.51,0.43,"NUC"
792,"ATH1_YEAST",0.49,0.6,0.3,0.34,0.5,0,0.5,0.43,"ME3"
106,"CAPA_YEAST",0.42,0.35,0.54,0.18,0.5,0,0.56,0.22,"CYT"
949,"RPB7_YEAST",0.52,0.46,0.56,0.25,0.5,0,0.52,0.22,"NUC"
290,"CP51_YEAST",0.57,0.59,0.44,0.16,0.5,0,0.52,0.22,"ME2"
14,"ACR1_YEAST",0.66,0.55,0.45,0.19,0.5,0,0.46,0.22,"MIT"
1182,"SSN6_YEAST",0.19,0.66,0.6,0.14,0.5,0,0.2,0.25,"NUC"
355,"E2BA_YEAST",0.45,0.56,0.49,0.17,0.5,0,0.52,0.22,"CYT"
1188,"AMYH_YEAST",0.83,0.81,0.45,0.38,0.5,0,0.4,0.26,"EXC"
962,"RL15_YEAST",0.46,0.35,0.69,0.18,0.5,0,0.3,0.25,"CYT"
762,"K6P1_YEAST",0.57,0.49,0.5,0.2,0.5,0,0.51,0.28,"CYT"
82,"ATPO_YEAST",0.51,0.54,0.6,0.57,0.5,0,0.58,0.22,"MIT"
485,"YJ91_YEAST",0.47,0.43,0.35,0.32,0.5,0,0.54,0.22,"ME3"
450,"ACEA_YEAST",0.52,0.5,0.53,0.1,0.5,0,0.48,0.22,"POX"
1106,"SLA2_YEAST",0.46,0.48,0.38,0.22,0.5,0,0.39,0.45,"ME3"
139,"CC31_YEAST",0.47,0.32,0.64,0.3,0.5,0,0.63,0.22,"NUC"
675,"NAT2_YEAST",0.59,0.58,0.39,0.52,0.5,0,0.5,0.31,"CYT"
1270,"TKT2_YEAST",0.55,0.69,0.51,0.12,0.5,0,0.51,0.22,"CYT"
1312,"UBC6_YEAST",0.43,0.48,0.36,0.26,0.5,0,0.52,0.22,"ME3"
203,"YEX1_YEAST",0.42,0.58,0.41,0.65,0.5,0,0.46,0.26,"MIT"
1340,"VATX_YEAST",0.48,0.58,0.58,0.12,0.5,0,0.49,0.22,"VAC"
1108,"SLN1_YEAST",0.52,0.65,0.36,0.37,0.5,0,0.52,0.34,"ME3"
392,"CYP1_YEAST",0.6,0.48,0.44,0.52,0.5,0,0.54,0.63,"NUC"
511,"KTR1_YEAST",0.77,0.6,0.42,0.33,0.5,0,0.57,0.22,"ME2"
241,"CCHL_YEAST",0.53,0.53,0.6,0.13,0.5,0,0.49,0.22,"MIT"
184,"CALM_YEAST",0.48,0.64,0.61,0.23,0.5,0,0.6,0.22,"CYT"
1102,"SKN1_YEAST",0.38,0.42,0.31,0.35,0.5,0,0.52,0.22,"ME3"
1424,"YHC6_YEAST",0.61,0.76,0.3,0.16,0.5,0,0.45,0.41,"ME3"
955,"RPC8_YEAST",0.57,0.42,0.63,0.22,0.5,0,0.68,0.32,"NUC"
608,"RM49_YEAST",0.5,0.46,0.64,0.36,0.5,0,0.49,0.22,"MIT"
385,"GSP1_YEAST",0.58,0.48,0.56,0.1,0.5,0,0.46,0.25,"NUC"
175,"CISZ_YEAST",0.44,0.38,0.48,0.32,0.5,0.83,0.53,0.22,"POX"
794,"ATC3_YEAST",0.4,0.39,0.33,0.17,0.5,0,0.51,0.31,"VAC"
420,"HO_YEAST",0.53,0.53,0.53,0.17,0.5,0,0.49,0.37,"NUC"
402,"HEMZ_YEAST",0.47,0.45,0.53,0.62,0.5,0,0.46,0.22,"MIT"
620,"RM37_YEAST",0.56,0.5,0.61,0.49,0.5,0,0.46,0.28,"MIT"
431,"HS30_YEAST",0.37,0.62,0.34,0.25,0.5,0,0.51,0.22,"ME3"
752,"PT11_YEAST",0.5,0.32,0.49,0.49,0.5,0,0.48,0.32,"MIT"
516,"LAG1_YEAST",0.42,0.51,0.39,0.22,0.5,0,0.49,0.26,"ME3"
1468,"YMC1_YEAST",0.39,0.58,0.47,0.18,0.5,0,0.48,0.22,"MIT"
457,"THDH_YEAST",0.5,0.53,0.45,0.44,0.5,0,0.49,0.22,"MIT"
173,"CIN8_YEAST",0.21,0.41,0.55,0.11,0.5,0,0.5,0.27,"CYT"
146,"CC42_YEAST",0.59,0.48,0.5,0.14,0.5,0,0.45,0.25,"CYT"
1281,"KAPC_YEAST",0.42,0.37,0.54,0.17,0.5,0,0.51,0.22,"CYT"
1452,"YKA5_YEAST",0.41,0.25,0.59,0.44,0.5,0,0.6,0.69,"NUC"
73,"ATPA_YEAST",0.45,0.55,0.54,0.66,0.5,0,0.47,0.22,"MIT"
362,"GCY_YEAST",0.6,0.4,0.59,0.18,0.5,0,0.48,0.22,"CYT"
939,"RPA2_YEAST",0.35,0.41,0.53,0.27,0.5,0,0.47,0.29,"NUC"
820,"PRTD_YEAST",0.63,0.55,0.53,0.51,0.5,0,0.55,0.22,"VAC"
378,"GOG5_YEAST",0.69,0.48,0.38,0.15,0.5,0,0.55,0.22,"ME2"
976,"RL25_YEAST",0.44,0.36,0.64,0.45,0.5,0,0.53,0.11,"CYT"
848,"PRC9_YEAST",0.48,0.56,0.49,0.32,0.5,0,0.5,0.22,"CYT"
785,"PIK1_YEAST",0.45,0.4,0.43,0.22,0.5,0,0.51,0.48,"NUC"
526,"LEU1_YEAST",0.52,0.62,0.54,0.19,0.5,0,0.5,0.22,"MIT"
51,"YHB9_YEAST",0.41,0.53,0.45,0.14,0.5,0,0.52,0.66,"ME3"
789,"PIR3_YEAST",0.77,0.73,0.51,0.27,0.5,0,0.34,0.22,"EXC"
366,"GDI1_YEAST",0.64,0.53,0.45,0.13,0.5,0,0.53,0.22,"CYT"
1212,"IF2A_YEAST",0.51,0.59,0.55,0.21,0.5,0,0.52,0.22,"CYT"
1441,"YHX8_YEAST",0.4,0.43,0.49,0.17,0.5,0,0.51,0.36,"NUC"
388,"UGS2_YEAST",0.58,0.41,0.51,0.26,0.5,0,0.51,0.37,"CYT"
1099,"SIS1_YEAST",0.56,0.55,0.57,0.15,0.5,0,0.54,0.25,"CYT"
1413,"YD66_YEAST",0.52,0.65,0.36,0.26,0.5,0,0.44,0.22,"ME3"
525,"LEUR_YEAST",0.44,0.41,0.44,0.13,0.5,0,0.49,0.42,"NUC"
80,"ATPG_YEAST",0.48,0.45,0.55,0.5,0.5,0,0.53,0.22,"MIT"
157,"DNLI_YEAST",0.67,0.71,0.52,0.65,0.5,0,0.53,0.36,"NUC"
811,"POP2_YEAST",0.5,0.45,0.53,0.21,0.5,0,0.28,0.22,"NUC"
1364,"YAG3_YEAST",0.88,0.75,0.41,0.36,0.5,0,0.43,0.22,"ME2"
1257,"IF1A_YEAST",0.33,0.36,0.62,0.26,0.5,0,0.55,0.22,"CYT"
651,"MS51_YEAST",0.55,0.53,0.54,0.4,0.5,0,0.48,0.22,"MIT"
1060,"SC22_YEAST",0.56,0.49,0.32,0.22,0.5,0,0.5,0.22,"ME2"
92,"KAPR_YEAST",0.4,0.45,0.56,0.2,0.5,0,0.45,0.22,"CYT"
66,"AROF_YEAST",0.34,0.46,0.57,0.09,0.5,0,0.55,0.22,"CYT"
71,"ATE1_YEAST",0.58,0.51,0.49,0.27,0.5,0,0.57,0.29,"CYT"
727,"PAS3_YEAST",0.68,0.59,0.44,0.49,0.5,0,0.4,0.26,"POX"
1119,"SNC1_YEAST",0.27,0.41,0.24,0.2,0.5,0,0.49,0.22,"ME3"
430,"HS26_YEAST",0.44,0.41,0.58,0.2,0.5,0,0.57,0.25,"CYT"
119,"CBP6_YEAST",0.47,0.41,0.66,0.26,0.5,0,0.53,0.22,"MIT"
614,"RM25_YEAST",0.45,0.43,0.63,0.4,0.5,0,0.59,0.11,"MIT"
375,"GLO3_YEAST",0.34,0.66,0.51,0.16,0.5,0,0.47,0.33,"NUC"
558,"MDHP_YEAST",0.68,0.58,0.51,0.19,0.5,0.83,0.54,0.22,"POX"
644,"MSN2_YEAST",0.53,0.4,0.57,0.12,0.5,0,0.53,0.32,"NUC"
1425,"RIMI_YEAST",0.33,0.38,0.47,0.14,0.5,0,0.51,0.47,"NUC"
1435,"YHP0_YEAST",0.38,0.44,0.57,0.14,0.5,0,0.53,0.52,"NUC"
1170,"SR72_YEAST",0.56,0.52,0.46,0.17,0.5,0,0.49,0.73,"CYT"
1262,"IF5_YEAST",0.41,0.46,0.57,0.25,0.5,0,0.57,0.38,"CYT"
718,"YM38_YEAST",0.39,0.28,0.54,0.14,0.5,0,0.59,0.22,"MIT"
685,"NI96_YEAST",0.4,0.53,0.44,0.18,0.5,0,0.54,0.31,"NUC"
931,"RL18_YEAST",0.45,0.5,0.57,0.29,0.5,0,0.44,0.11,"CYT"
1377,"YBI8_YEAST",0.45,0.5,0.43,0.16,0.5,0,0.52,0.28,"ME3"
556,"MDHM_YEAST",0.58,0.49,0.5,0.41,0.5,0,0.57,0.22,"MIT"
1014,"R26A_YEAST",0.46,0.54,0.59,0.41,0.5,0,0.53,0.21,"CYT"
551,"OM70_YEAST",0.81,0.65,0.52,0.41,0.5,0,0.57,0.26,"MIT"
773,"PPAC_YEAST",0.74,0.72,0.5,0.28,0.5,0,0.49,0.27,"EXC"
320,"THIK_YEAST",0.46,0.48,0.44,0.21,0.5,0,0.55,0.22,"POX"
474,"ITR2_YEAST",0.35,0.53,0.35,0.33,0.5,0,0.5,0.32,"ME3"
91,"BCS1_YEAST",0.46,0.38,0.47,0.22,0.5,0,0.52,0.27,"MIT"
822,"PRCE_YEAST",0.46,0.62,0.54,0.25,0.5,0,0.46,0.22,"CYT"
499,"KI28_YEAST",0.57,0.49,0.48,0.16,0.5,0,0.51,0.22,"NUC"
749,"END1_YEAST",0.46,0.49,0.45,0.28,0.5,0,0.55,0.22,"VAC"
845,"PRC8_YEAST",0.45,0.45,0.52,0.17,0.5,0,0.54,0.22,"CYT"
1474,"YP52_YEAST",0.48,0.61,0.57,0.17,0.5,0,0.45,0.22,"CYT"
578,"MFA2_YEAST",0.46,0.42,0.6,0.21,0.5,0,0.4,0.22,"EXC"
218,"CYPR_YEAST",0.73,0.83,0.43,0.3,0.5,0,0.55,0.22,"ME1"
636,"SYFM_YEAST",0.43,0.32,0.5,0.29,0.5,0,0.5,0.22,"MIT"
205,"COX3_YEAST",0.52,0.77,0.38,0.34,0.5,0,0.51,0.22,"MIT"
1081,"SYSC_YEAST",0.3,0.33,0.55,0.12,0.5,0,0.53,0.38,"CYT"
374,"SYQ_YEAST",0.49,0.42,0.54,0.17,0.5,0,0.5,0.36,"CYT"
571,"MER2_YEAST",0.4,0.53,0.61,0.21,0.5,0,0.48,0.33,"NUC"
1141,"SP11_YEAST",0.46,0.5,0.5,0.28,0.5,0,0.5,0.37,"NUC"
929,"RS3B_YEAST",0.39,0.39,0.59,0.25,0.5,0,0.45,0.22,"CYT"
1048,"SDHL_YEAST",0.46,0.42,0.51,0.16,0.5,0,0.56,0.22,"CYT"
163,"CHL1_YEAST",0.42,0.51,0.5,0.12,0.5,0,0.52,0.46,"NUC"
760,"PT94_YEAST",0.59,0.58,0.47,0.61,0.5,0,0.44,0.3,"MIT"
321,"FKBP_YEAST",0.35,0.36,0.57,0.17,0.5,0,0.52,0.22,"CYT"
572,"SYMC_YEAST",0.57,0.44,0.42,0.2,0.5,0,0.54,0.22,"CYT"
50,"ADB2_YEAST",0.48,0.39,0.51,0.21,0.5,0,0.52,0.28,"CYT"
255,"DATI_YEAST",0.27,0.36,0.6,0.33,0.5,0,0.37,0.31,"NUC"
1071,"SEC7_YEAST",0.37,0.42,0.46,0.15,0.5,0,0.51,0.31,"ME2"
182,"CG12_YEAST",0.54,0.38,0.52,0.18,0.5,0,0.48,0.22,"CYT"
1127,"RU17_YEAST",0.33,0.46,0.6,0.18,0.5,0,0.51,0.26,"NUC"
464,"INO1_YEAST",0.51,0.34,0.43,0.18,0.5,0,0.48,0.25,"CYT"
502,"SMI1_YEAST",0.43,0.32,0.56,0.27,0.5,0,0.47,0.27,"NUC"
710,"ATP9_YEAST",0.78,0.65,0.4,0.16,0.5,0,0.63,0.22,"MIT"
589,"C1TM_YEAST",0.45,0.73,0.47,0.65,0.5,0,0.54,0.43,"MIT"
105,"CAN1_YEAST",0.44,0.59,0.36,0.16,0.5,0,0.52,0.22,"ME3"
369,"GLGB_YEAST",0.49,0.43,0.48,0.15,0.5,0,0.55,0.25,"CYT"
1189,"ST12_YEAST",0.38,0.51,0.56,0.21,0.5,0,0.48,0.31,"NUC"
1112,"SMC1_YEAST",0.47,0.56,0.51,0.2,0.5,0,0.52,0.59,"NUC"
657,"YKH4_YEAST",0.39,0.35,0.49,0.17,0.5,0,0.49,0.22,"NUC"
275,"DUN1_YEAST",0.37,0.53,0.46,0.23,0.5,0,0.47,0.22,"NUC"
138,"CDC3_YEAST",0.29,0.32,0.58,0.15,0.5,0,0.5,0.3,"CYT"
40,"ALG1_YEAST",0.86,0.68,0.39,0.24,0.5,0,0.54,0.22,"ME2"
626,"RM09_YEAST",0.58,0.53,0.57,0.46,0.5,0,0.51,0.27,"MIT"
436,"H2A2_YEAST",0.44,0.53,0.52,0.37,0.5,0,0.5,0.22,"NUC"
1430,"YHI7_YEAST",0.29,0.26,0.43,0.17,0.5,0,0.55,0.3,"ME3"
1324,"PYRD_YEAST",0.48,0.39,0.56,0.23,0.5,0,0.6,0.22,"CYT"
580,"MFA4_YEAST",0.79,0.74,0.49,0.33,0.5,0,0.48,0.22,"EXC"
1288,"TRK2_YEAST",0.59,0.48,0.41,0.53,0.5,0,0.48,0.56,"ME3"
466,"INO4_YEAST",0.45,0.38,0.59,0.18,0.5,0,0.44,0.45,"NUC"
911,"RFC3_YEAST",0.34,0.58,0.5,0.26,0.5,0,0.51,0.22,"NUC"
1118,"SMY2_YEAST",0.6,0.64,0.56,0.36,0.5,0,0.46,0.27,"CYT"
813,"PPA1_YEAST",0.66,0.55,0.34,0.2,0.5,0,0.62,0.22,"ME3"
1273,"TOA2_YEAST",0.52,0.49,0.59,0.21,0.5,0,0.47,0.22,"NUC"
2,"ADT3_YEAST",0.64,0.62,0.49,0.15,0.5,0,0.53,0.22,"MIT"
1243,"EF1A_YEAST",0.63,0.43,0.48,0.11,0.5,0,0.51,0.22,"CYT"
1267,"SRP1_YEAST",0.79,0.79,0.42,0.26,0.5,0,0.6,0.22,"ME1"
480,"YJ36_YEAST",0.32,0.36,0.34,0.19,0.5,0,0.55,0.26,"ME3"
891,"RAD9_YEAST",0.41,0.52,0.51,0.22,0.5,0,0.52,0.44,"NUC"
1480,"ZIP1_YEAST",0.47,0.43,0.61,0.4,0.5,0,0.48,0.47,"NUC"
745,"PEP1_YEAST",0.74,0.89,0.32,0.24,0.5,0,0.54,0.32,"ME1"
627,"RT28_YEAST",0.65,0.53,0.55,0.52,0.5,0,0.47,0.27,"MIT"
1024,"RS4E_YEAST",0.53,0.57,0.6,0.36,0.5,0,0.5,0.22,"CYT"
877,"RAD2_YEAST",0.39,0.44,0.54,0.24,0.5,0,0.51,0.49,"NUC"
957,"RPC5_YEAST",0.38,0.38,0.54,0.24,0.5,0,0.54,0.22,"NUC"
363,"GDA1_YEAST",0.91,0.69,0.57,0.45,0.5,0,0.56,0.22,"ME2"
1156,"SPT7_YEAST",0.49,0.6,0.54,0.35,0.5,0,0.53,0.46,"NUC"
519,"LAS1_YEAST",0.43,0.38,0.51,0.24,0.5,0,0.46,0.33,"NUC"
125,"CCE1_YEAST",0.58,0.62,0.54,0.17,0.5,0,0.48,0.22,"MIT"
676,"NCPR_YEAST",0.78,0.63,0.53,0.13,0.5,0,0.54,0.22,"ME2"
1316,"UBP2_YEAST",0.19,0.41,0.55,0.13,0.5,0,0.52,0.25,"CYT"
461,"IMP1_YEAST",0.67,0.51,0.53,0.28,0.5,0,0.51,0.22,"MIT"
1374,"YBC4_YEAST",0.32,0.3,0.57,0.38,0.5,0,0.5,0.25,"NUC"
1342,"VATD_YEAST",0.48,0.49,0.49,0.26,0.5,0,0.39,0.27,"VAC"
1096,"SIR2_YEAST",0.42,0.28,0.49,0.22,0.5,0,0.55,0.34,"NUC"
53,"ARD1_YEAST",0.56,0.48,0.58,0.27,0.5,0,0.51,0.22,"CYT"
1401,"YCQ0_YEAST",0.35,0.32,0.31,0.16,0.5,0,0.56,0.22,"ME3"
679,"NDI1_YEAST",0.53,0.61,0.51,0.49,0.5,0,0.54,0.27,"MIT"
982,"RL3E_YEAST",0.58,0.44,0.5,0.26,0.5,0,0.52,0.22,"CYT"
1403,"YCR3_YEAST",0.69,0.57,0.39,0.19,0.5,0,0.48,0.39,"ME2"
359,"GCR2_YEAST",0.54,0.56,0.57,0.18,0.5,0,0.45,0.25,"NUC"
652,"SYTM_YEAST",0.41,0.47,0.58,0.62,0.5,0,0.5,0.22,"MIT"
622,"RM04_YEAST",0.36,0.38,0.56,0.44,0.5,0,0.48,0.22,"MIT"
632,"MRS3_YEAST",0.54,0.64,0.5,0.13,0.5,0,0.49,0.22,"MIT"
12,"ACH1_YEAST",0.4,0.42,0.57,0.35,0.5,0,0.53,0.25,"CYT"
1231,"TCPA_YEAST",0.5,0.49,0.46,0.22,0.5,0,0.53,0.25,"CYT"
737,"CNA1_YEAST",0.55,0.59,0.52,0.1,0.5,0,0.53,0.22,"CYT"
479,"ACOX_YEAST",0.46,0.41,0.5,0.44,0.5,0,0.53,0.22,"MIT"
42,"GPT_YEAST",0.79,0.57,0.41,0.28,0.5,0,0.59,0.22,"ME2"
902,"R104_YEAST",0.44,0.33,0.55,0.16,0.5,0,0.49,0.22,"NUC"
17,"ACT3_YEAST",0.58,0.47,0.54,0.11,0.5,0,0.51,0.26,"NUC"
97,"CYBM_YEAST",0.61,0.72,0.39,0.33,0.5,0,0.58,0.22,"MIT"
1166,"SRPR_YEAST",0.55,0.46,0.47,0.15,0.5,0,0.47,0.22,"ME3"
1100,"SIS2_YEAST",0.37,0.47,0.49,0.12,0.5,0,0.47,0.31,"NUC"
528,"LIP5_YEAST",0.68,0.5,0.55,0.65,0.5,0,0.46,0.31,"MIT"
1333,"SYV_YEAST",0.51,0.49,0.48,0.55,0.5,0,0.52,0.58,"CYT"
344,"GAP1_YEAST",0.49,0.46,0.34,0.21,0.5,0,0.55,0.22,"ME3"
288,"ERG1_YEAST",0.58,0.6,0.43,0.12,0.5,0,0.55,0.22,"ME3"
1042,"SCO1_YEAST",0.52,0.54,0.47,0.49,0.5,0,0.54,0.22,"MIT"
242,"CYC7_YEAST",0.42,0.57,0.72,0.22,0.5,0,0.57,0.22,"MIT"
826,"PRC6_YEAST",0.53,0.43,0.57,0.24,0.5,0,0.39,0.28,"CYT"
847,"PRC3_YEAST",0.51,0.51,0.56,0.28,0.5,0,0.54,0.27,"CYT"
483,"YJ51_YEAST",0.81,0.76,0.32,0.37,0.5,0,0.51,0.22,"ME2"
599,"MPI2_YEAST",0.59,0.57,0.43,0.26,0.5,0,0.51,0.22,"MIT"
595,"MNS1_YEAST",0.89,0.52,0.41,0.26,0.5,0,0.52,0.31,"ME2"
283,"ENO1_YEAST",0.45,0.56,0.54,0.32,0.5,0,0.57,0.22,"CYT"
664,"YN94_YEAST",0.81,0.79,0.32,0.37,0.5,0,0.41,0.22,"ME1"
699,"RNC1_YEAST",0.47,0.47,0.5,0.15,0.5,0,0.5,0.48,"NUC"
991,"RL4A_YEAST",0.56,0.35,0.47,0.41,0.5,0,0.5,0.22,"CYT"
102,"BUD5_YEAST",0.47,0.52,0.5,0.4,0.5,0,0.41,0.22,"CYT"
587,"DPOG_YEAST",0.48,0.47,0.54,0.55,0.5,0,0.51,0.65,"MIT"
1460,"YKN4_YEAST",0.46,0.62,0.46,0.54,0.5,0,0.51,0.27,"MIT"
865,"KPYK_YEAST",0.61,0.55,0.51,0.26,0.5,0,0.52,0.22,"CYT"
709,"ACO1_YEAST",0.43,0.38,0.38,0.12,0.5,0,0.5,0.22,"ME2"
827,"PRI1_YEAST",0.33,0.35,0.56,0.19,0.5,0,0.5,0.22,"NUC"
158,"MCE1_YEAST",0.49,0.47,0.53,0.16,0.5,0,0.48,0.27,"NUC"
1438,"YHT3_YEAST",0.49,0.55,0.35,0.23,0.5,0,0.57,0.22,"ME3"
1085,"SGE1_YEAST",0.85,0.69,0.34,0.31,0.5,0,0.57,0.3,"ME1"
1190,"DAP1_YEAST",0.32,0.36,0.28,0.38,0.5,0,0.5,0.4,"ME3"
330,"FU34_YEAST",0.37,0.34,0.32,0.22,0.5,0,0.56,0.22,"ME3"
1111,"SLY4_YEAST",0.4,0.43,0.36,0.33,0.5,0,0.51,0.22,"ME3"
860,"PUT2_YEAST",0.45,0.53,0.51,0.42,0.5,0,0.52,0.22,"MIT"
1169,"SR68_YEAST",0.62,0.33,0.49,0.24,0.5,0,0.51,0.42,"CYT"
1431,"YHJ2_YEAST",0.51,0.46,0.41,0.36,0.5,0,0.49,0.22,"ME3"
944,"RPB2_YEAST",0.34,0.48,0.47,0.19,0.5,0,0.5,0.3,"NUC"
928,"RS3A_YEAST",0.38,0.4,0.59,0.25,0.5,0,0.44,0.22,"CYT"
838,"PR38_YEAST",0.52,0.37,0.48,0.13,0.5,0,0.55,0.22,"NUC"
282,"END3_YEAST",0.55,0.46,0.53,0.11,0.5,0,0.52,0.48,"CYT"
228,"CSG2_YEAST",0.69,0.61,0.38,0.27,0.5,0,0.52,0.22,"ME2"
496,"KHS1_YEAST",0.89,0.77,0.36,0.34,0.5,0,0.44,0.22,"EXC"
220,"CBPS_YEAST",0.7,0.65,0.54,0.28,0.5,0,0.6,0.4,"VAC"
1481,"ZNRP_YEAST",0.67,0.57,0.36,0.19,0.5,0,0.56,0.22,"ME2"
1378,"RL3P_YEAST",0.24,0.25,0.57,0.28,0.5,0,0.51,0.11,"CYT"
33,"RCS1_YEAST",0.33,0.55,0.51,0.43,0.5,0,0.51,0.22,"NUC"
338,"GALX_YEAST",0.62,0.58,0.52,0.15,0.5,0,0.52,0.29,"CYT"
1334,"VATA_YEAST",0.36,0.51,0.51,0.17,0.5,0,0.52,0.22,"VAC"
594,"MNN9_YEAST",0.74,0.56,0.35,0.36,0.5,0,0.51,0.25,"ME2"
801,"PMT1_YEAST",0.37,0.51,0.39,0.18,0.5,0,0.51,0.27,"ME3"
888,"RA57_YEAST",0.41,0.52,0.56,0.26,0.5,0,0.48,0.32,"NUC"
19,"ADA2_YEAST",0.61,0.6,0.55,0.21,0.5,0,0.5,0.25,"NUC"
83,"ATP7_YEAST",0.54,0.52,0.63,0.37,0.5,0,0.46,0.22,"MIT"
136,"CC25_YEAST",0.39,0.58,0.5,0.26,0.5,0,0.54,0.59,"ME3"
624,"RM06_YEAST",0.62,0.59,0.54,0.47,0.5,0,0.46,0.22,"MIT"
529,"LOS1_YEAST",0.53,0.44,0.47,0.22,0.5,0,0.53,0.22,"NUC"
1326,"UMPK_YEAST",0.47,0.59,0.56,0.09,0.5,0,0.5,0.22,"CYT"
660,"MYS4_YEAST",0.43,0.4,0.5,0.18,0.5,0,0.5,0.28,"CYT"
433,"HSP7_YEAST",0.38,0.46,0.52,0.75,0.5,0,0.5,0.26,"MIT"
1135,"SON1_YEAST",0.4,0.39,0.6,0.23,0.5,0,0.52,0.31,"NUC"
1447,"YIG3_YEAST",0.34,0.24,0.51,0.15,0.5,0,0.54,0.4,"NUC"
909,"RFA3_YEAST",0.57,0.51,0.58,0.22,0.5,0,0.51,0.22,"NUC"
723,"PAP_YEAST",0.64,0.52,0.5,0.26,0.5,0,0.51,0.31,"NUC"
285,"EPT1_YEAST",0.29,0.43,0.4,0.15,0.5,0,0.53,0.22,"ME3"
850,"DPSD_YEAST",0.51,0.46,0.4,0.65,0.5,0,0.49,0.22,"MIT"
1242,"EF1A_YEAST",0.63,0.43,0.48,0.11,0.5,0,0.51,0.22,"CYT"
11,"ACE2_YEAST",0.42,0.37,0.59,0.2,0.5,0,0.52,0.29,"NUC"
1009,"RS41_YEAST",0.32,0.44,0.54,0.21,0.5,0,0.4,0.19,"CYT"
852,"PTM1_YEAST",0.81,0.55,0.35,0.34,0.5,0,0.51,0.22,"ME2"
1175,"HS74_YEAST",0.53,0.48,0.51,0.18,0.5,0,0.51,0.27,"CYT"
655,"MTF1_YEAST",0.46,0.46,0.56,0.12,0.5,0,0.55,0.22,"MIT"
1335,"VM11_YEAST",0.68,0.68,0.35,0.16,0.5,0,0.62,0.22,"VAC"
1019,"RS28_YEAST",0.38,0.5,0.52,0.44,0.5,0,0.54,0.11,"CYT"
1037,"SAR1_YEAST",0.59,0.54,0.53,0.14,0.5,0,0.48,0.22,"CYT"
835,"PR21_YEAST",0.38,0.26,0.6,0.1,0.5,0,0.48,0.44,"NUC"
691,"NOP2_YEAST",0.43,0.28,0.53,0.34,0.5,0,0.55,0.57,"NUC"
423,"HXTY_YEAST",0.33,0.28,0.31,0.24,0.5,0,0.53,0.22,"ME3"
1305,"TUP1_YEAST",0.5,0.43,0.56,0.17,0.5,0,0.35,0.22,"NUC"
965,"R14B_YEAST",0.57,0.43,0.52,0.3,0.5,0,0.37,0.11,"CYT"
766,"PGD1_YEAST",0.41,0.48,0.54,0.24,0.5,0,0.37,0.51,"NUC"
1039,"SCJ1_YEAST",0.39,1,0.38,0.41,0.5,0,0.5,0.27,"MIT"
815,"PPCK_YEAST",0.45,0.47,0.53,0.15,0.5,0,0.52,0.27,"CYT"
454,"IDHP_YEAST",0.51,0.52,0.48,0.5,0.5,0,0.51,0.22,"MIT"
1446,"YIF2_YEAST",0.47,0.5,0.6,0.63,0.5,0,0.38,0.16,"CYT"
101,"BSD2_YEAST",0.36,0.43,0.39,0.12,0.5,0,0.49,0.22,"ME3"
905,"RER1_YEAST",0.45,0.66,0.39,0.11,0.5,0,0.54,0.22,"ME3"
742,"PDR5_YEAST",0.41,0.48,0.38,0.13,0.5,0,0.51,0.35,"ME3"
468,"IRA1_YEAST",0.47,0.59,0.43,0.13,0.5,0,0.56,0.3,"ME3"
1376,"YBG6_YEAST",0.28,0.41,0.46,0.18,0.5,0,0.47,0.39,"NUC"
996,"RLA0_YEAST",0.48,0.55,0.48,0.1,0.5,0,0.55,0.22,"CYT"
856,"PUB1_YEAST",0.48,0.5,0.56,0.11,0.5,0,0.33,0.22,"CYT"
1409,"YCW2_YEAST",0.54,0.54,0.56,0.18,0.5,0,0.46,0.29,"NUC"
1227,"TAL1_YEAST",0.63,0.64,0.49,0.2,0.5,0,0.52,0.25,"CYT"
610,"RT08_YEAST",0.45,0.38,0.64,0.14,0.5,0,0.54,0.22,"MIT"
1357,"YAB1_YEAST",0.51,0.39,0.56,0.55,0.5,0,0.46,0.64,"MIT"
628,"RT05_YEAST",0.38,0.54,0.54,0.41,0.5,0,0.51,0.22,"MIT"
534,"LYS2_YEAST",0.46,0.47,0.46,0.16,0.5,0,0.51,0.22,"CYT"
32,"AFR1_YEAST",0.38,0.61,0.61,0.12,0.5,0,0.53,0.47,"CYT"
810,"P152_YEAST",0.41,0.53,0.41,0.15,0.5,0,0.54,0.25,"NUC"
617,"RM32_YEAST",0.57,0.61,0.55,0.27,0.5,0,0.44,0.21,"MIT"
889,"UBC2_YEAST",0.48,0.47,0.59,0.41,0.5,0,0.56,0.27,"NUC"
1070,"SC66_YEAST",0.39,0.71,0.38,0.14,0.5,0,0.5,0.22,"ME2"
1073,"SEC8_YEAST",0.48,0.51,0.5,0.24,0.5,0,0.54,0.38,"CYT"
372,"GLNA_YEAST",0.44,0.34,0.55,0.18,0.5,0,0.52,0.22,"CYT"
1097,"SIR3_YEAST",0.47,0.5,0.47,0.22,0.5,0,0.53,0.45,"NUC"
1146,"SP10_YEAST",0.27,0.46,0.52,0.17,0.5,0,0.49,0.44,"NUC"
1234,"TCPG_YEAST",0.59,0.51,0.47,0.21,0.5,0,0.47,0.22,"CYT"
1035,"SAC7_YEAST",0.34,0.25,0.55,0.28,0.5,0,0.51,0.49,"CYT"
1082,"SFL1_YEAST",0.49,0.49,0.52,0.18,0.5,0,0.51,0.25,"NUC"
110,"CACP_YEAST",0.45,0.41,0.5,0.46,0.5,0.5,0.5,0.27,"POX"
582,"MGM1_YEAST",0.66,0.52,0.52,0.44,0.5,0,0.56,0.27,"MIT"
472,"ISP6_YEAST",0.59,0.57,0.46,0.14,0.5,0,0.52,0.22,"MIT"
1043,"S160_YEAST",0.46,0.49,0.55,0.18,0.5,0,0.56,0.22,"NUC"
661,"YN19_YEAST",0.41,0.59,0.46,0.19,0.5,0,0.36,0.22,"EXC"
1383,"YB30_YEAST",0.43,0.41,0.37,0.18,0.5,0,0.54,0.31,"ME3"
774,"PNPP_YEAST",0.38,0.62,0.52,0.14,0.5,0,0.53,0.22,"CYT"
94,"BEM1_YEAST",0.49,0.61,0.49,0.25,0.5,0,0.5,0.28,"CYT"
693,"NOT3_YEAST",0.45,0.21,0.49,0.24,0.5,0,0.46,0.31,"NUC"
455,"IF2M_YEAST",0.55,0.49,0.5,0.46,0.5,0,0.52,0.25,"MIT"
557,"MDHC_YEAST",0.62,0.6,0.47,0.16,0.5,0,0.53,0.22,"CYT"
165,"PSS_YEAST",0.35,0.45,0.43,0.11,0.5,0,0.56,0.22,"ME3"
145,"CC40_YEAST",0.28,0.37,0.61,0.09,0.5,0,0.52,0.55,"NUC"
828,"PRI2_YEAST",0.45,0.48,0.56,0.56,0.5,0,0.47,0.22,"NUC"
478,"YJ16_YEAST",0.5,0.45,0.49,0.3,0.5,0,0.47,0.4,"NUC"
1462,"ACP_YEAST",0.52,0.53,0.58,0.69,0.5,0,0.5,0.22,"MIT"
1296,"TSA_YEAST",0.59,0.64,0.44,0.26,0.5,0,0.5,0.22,"CYT"
311,"ALF_YEAST",0.56,0.62,0.53,0.24,0.5,0,0.57,0.22,"CYT"
361,"GCS1_YEAST",0.43,0.51,0.54,0.15,0.5,0,0.45,0.26,"NUC"
16,"ACT2_YEAST",0.47,0.39,0.5,0.11,0.5,0,0.49,0.4,"CYT"
316,"FET4_YEAST",0.39,0.44,0.28,0.12,0.5,0,0.46,0.27,"ME3"
876,"RA18_YEAST",0.51,0.55,0.56,0.18,0.5,0,0.5,0.38,"NUC"
1228,"VAL1_YEAST",0.31,0.4,0.31,0.17,0.5,0,0.52,0.22,"ME3"
830,"PROC_YEAST",0.77,0.57,0.45,0.17,0.5,0,0.53,0.22,"CYT"
1130,"SNQ2_YEAST",0.45,0.57,0.38,0.28,0.5,0,0.53,0.31,"ME3"
458,"ILVB_YEAST",0.45,0.59,0.53,0.74,0.5,0,0.47,0.25,"MIT"
795,"MANA_YEAST",0.55,0.51,0.54,0.2,0.5,0,0.56,0.22,"CYT"
1359,"YAB9_YEAST",0.4,0.45,0.45,0.15,0.5,0,0.53,0.48,"NUC"
613,"RM20_YEAST",0.41,0.52,0.53,0.41,0.5,0,0.39,0.33,"MIT"
1254,"THRC_YEAST",0.54,0.55,0.55,0.4,0.5,0,0.53,0.22,"CYT"
224,"R142_YEAST",0.56,0.41,0.58,0.21,0.5,0,0.42,0.22,"CYT"
630,"MRS1_YEAST",0.61,0.46,0.51,0.37,0.5,0,0.51,0.22,"MIT"
524,"LEU3_YEAST",0.54,0.54,0.49,0.14,0.5,0,0.56,0.22,"CYT"
635,"SYDM_YEAST",0.51,0.56,0.51,0.42,0.5,0,0.53,0.36,"MIT"
1295,"TRP_YEAST",0.48,0.44,0.51,0.24,0.5,0,0.49,0.22,"CYT"
274,"TFS2_YEAST",0.61,0.3,0.59,0.12,0.5,0,0.49,0.27,"NUC"
52,"APN1_YEAST",0.45,0.46,0.55,0.43,0.5,0,0.55,0.38,"NUC"
748,"CARP_YEAST",0.8,0.82,0.57,0.26,0.5,0,0.57,0.27,"VAC"
287,"ERD2_YEAST",0.71,0.56,0.39,0.27,0.5,0,0.52,0.22,"ME2"
681,"ADA3_YEAST",0.33,0.46,0.53,0.29,0.5,0,0.5,0.55,"NUC"
216,"CYPB_YEAST",0.77,0.79,0.58,0.23,0.5,0,0.48,0.22,"EXC"
722,"PAN1_YEAST",0.69,0.39,0.52,0.12,0.5,0,0.38,0.35,"CYT"
81,"ATPD_YEAST",0.5,0.58,0.46,0.46,0.5,0,0.46,0.22,"MIT"
114,"CBF5_YEAST",0.45,0.51,0.5,0.16,0.5,0,0.52,1,"NUC"
853,"PTP1_YEAST",0.53,0.45,0.53,0.18,0.5,0,0.42,0.22,"CYT"
925,"RN15_YEAST",0.47,0.45,0.51,0.33,0.5,0,0.46,0.26,"NUC"
1062,"SEC4_YEAST",0.44,0.51,0.53,0.3,0.5,0,0.53,0.22,"CYT"
559,"MDJ1_YEAST",0.4,0.52,0.53,0.52,0.5,0,0.51,0.22,"MIT"
1308,"UBA1_YEAST",0.52,0.51,0.48,0.12,0.5,0,0.54,0.31,"CYT"
365,"DHE2_YEAST",0.59,0.43,0.52,0.19,0.5,0,0.55,0.27,"CYT"
604,"RT17_YEAST",0.41,0.54,0.58,0.2,0.5,0,0.52,0.22,"MIT"
716,"ORC2_YEAST",0.39,0.42,0.49,0.1,0.5,0,0.49,0.65,"NUC"
719,"YINO_YEAST",0.76,0.67,0.37,0.22,0.5,0,0.54,0.22,"ME2"
59,"AR56_YEAST",0.45,0.58,0.48,0.67,0.5,0,0.52,0.22,"MIT"
406,"H4_YEAST",0.37,0.34,0.58,0.24,0.5,0,0.44,0.18,"NUC"
54,"ARF1_YEAST",0.64,0.59,0.56,0.23,0.5,0,0.46,0.22,"CYT"
56,"ASSY_YEAST",0.66,0.62,0.49,0.1,0.5,0,0.49,0.22,"CYT"
79,"ATPB_YEAST",0.43,0.57,0.51,0.49,0.5,0,0.48,0.22,"MIT"
387,"UGS1_YEAST",0.58,0.45,0.48,0.24,0.5,0,0.52,0.37,"CYT"
721,"PABP_YEAST",0.28,0.48,0.56,0.16,0.5,0,0.48,0.26,"CYT"
1321,"UME5_YEAST",0.34,0.42,0.48,0.19,0.5,0,0.46,0.31,"NUC"
358,"GCR1_YEAST",0.27,0.51,0.47,0.35,0.5,0,0.49,0.28,"NUC"
662,"YN46_YEAST",0.58,0.56,0.52,0.25,0.5,0,0.57,0.35,"NUC"
882,"RAD5_YEAST",0.36,0.48,0.5,0.13,0.5,0,0.49,0.6,"NUC"
899,"RCA1_YEAST",0.41,0.41,0.43,0.61,0.5,0,0.53,0.22,"MIT"
65,"AROC_YEAST",0.6,0.47,0.45,0.22,0.5,0,0.51,0.29,"CYT"
411,"HIR1_YEAST",0.48,0.57,0.5,0.09,0.5,0,0.52,0.42,"NUC"
286,"ERD1_YEAST",0.52,0.75,0.37,0.14,0.5,0,0.46,0.22,"ME3"
1093,"SIN4_YEAST",0.45,0.65,0.51,0.17,0.5,0,0.49,0.22,"NUC"
1147,"SP14_YEAST",0.52,0.45,0.45,0.13,0.5,0,0.48,0.22,"NUC"
1046,"SDH3_YEAST",0.54,0.64,0.4,0.56,0.5,0,0.51,0.22,"MIT"
194,"COQ2_YEAST",0.63,0.56,0.45,0.58,0.5,0,0.51,0.22,"MIT"
1202,"STL1_YEAST",0.36,0.5,0.39,0.23,0.5,0,0.5,0.22,"ME3"
121,"CBS1_YEAST",0.55,0.53,0.55,0.46,0.5,0,0.52,0.22,"MIT"
30,"ADR1_YEAST",0.53,0.54,0.43,0.1,0.5,0,0.57,0.32,"NUC"
503,"KRE1_YEAST",0.84,0.87,0.45,0.54,0.5,0,0.28,0.22,"ME1"
1149,"SPT2_YEAST",0.37,0.48,0.67,0.37,0.5,0,0.56,0.62,"NUC"
586,"MIG1_YEAST",0.43,0.39,0.59,0.13,0.5,0,0.41,0.43,"NUC"
497,"KIN1_YEAST",0.48,0.43,0.45,0.17,0.5,0,0.48,0.37,"ME3"
376,"GLS1_YEAST",0.2,0.34,0.33,0.1,0.5,0,0.48,0.31,"ME3"
910,"RFC2_YEAST",0.47,0.47,0.54,0.19,0.5,0,0.51,0.33,"NUC"
1418,"YE14_YEAST",0.4,0.4,0.44,0.37,0.5,0,0.53,0.25,"NUC"
963,"RL15_YEAST",0.46,0.35,0.69,0.18,0.5,0,0.3,0.25,"CYT"
1221,"SWI3_YEAST",0.47,0.47,0.5,0.19,0.5,0,0.51,0.26,"NUC"
731,"ODPA_YEAST",0.6,0.54,0.54,0.53,0.5,0,0.52,0.27,"MIT"
514,"KTR4_YEAST",0.94,0.6,0.33,0.49,0.5,0,0.54,0.22,"ME2"
1311,"UBC5_YEAST",0.5,0.46,0.49,0.27,0.5,0,0.6,0.22,"CYT"
335,"FZF1_YEAST",0.37,0.43,0.62,0.27,0.5,0,0.48,0.22,"NUC"
697,"TREA_YEAST",0.29,0.34,0.55,0.24,0.5,0,0.51,0.22,"CYT"
510,"KSS1_YEAST",0.52,0.48,0.54,0.28,0.5,0,0.54,0.22,"NUC"
494,"ODO2_YEAST",0.53,0.5,0.54,0.56,0.5,0,0.49,0.41,"MIT"
426,"HS83_YEAST",0.61,0.54,0.49,0.16,0.5,0,0.54,0.42,"CYT"
410,"HIP1_YEAST",0.48,0.46,0.38,0.29,0.5,0,0.53,0.22,"ME3"
5,"AATC_YEAST",0.51,0.4,0.56,0.17,0.5,0.5,0.49,0.22,"CYT"
192,"COFI_YEAST",0.44,0.42,0.6,0.21,0.5,0,0.57,0.22,"CYT"
201,"COXG_YEAST",0.42,0.31,0.62,0.12,0.5,0,0.4,0.22,"MIT"
859,"PUT1_YEAST",0.6,0.59,0.47,0.47,0.5,0,0.53,0.22,"MIT"
424,"YJ64_YEAST",0.85,0.85,0.3,0.31,0.5,0,0.55,0.42,"ME1"
230,"CB33_YEAST",0.41,0.45,0.53,0.17,0.5,0,0.51,0.25,"NUC"
1406,"YCS4_YEAST",0.51,0.38,0.42,0.21,0.5,0,0.46,0.34,"ME3"
233,"CHI1_YEAST",0.82,0.78,0.49,0.23,0.5,0,0.46,0.22,"EXC"
841,"PR05_YEAST",0.33,0.21,0.53,0.15,1,0,0.52,0.5,"NUC"
695,"NSP1_YEAST",0.87,0.47,0.6,0.47,0.5,0,0.59,0.22,"NUC"
332,"FUR4_YEAST",0.35,0.56,0.36,0.3,0.5,0,0.53,0.25,"ME3"
1083,"SFP1_YEAST",0.54,0.59,0.57,0.34,0.5,0,0.49,0.22,"NUC"
506,"KRE5_YEAST",0.86,0.92,0.5,0.37,1,0,0.53,0.32,"ERL"
1224,"SWI6_YEAST",0.41,0.56,0.53,0.16,0.5,0,0.55,0.26,"NUC"
1405,"YCR8_YEAST",0.39,0.56,0.34,0.18,0.5,0,0.49,0.22,"ME3"
588,"MPCP_YEAST",0.6,0.59,0.45,0.23,0.5,0,0.55,0.22,"MIT"
310,"COAC_YEAST",0.25,0.4,0.51,0.18,0.5,0,0.5,0.27,"CYT"
1381,"YBY2_YEAST",0.22,0.53,0.36,0.22,0.5,0,0.54,0.31,"ME3"
1339,"VATC_YEAST",0.64,0.61,0.56,0.15,0.5,0,0.54,0.22,"VAC"
353,"GCN1_YEAST",0.41,0.52,0.41,0.11,0.5,0,0.54,0.35,"CYT"
1414,"MAS5_YEAST",0.64,0.44,0.56,0.15,0.5,0,0.56,0.22,"CYT"
867,"UCR2_YEAST",0.49,0.45,0.54,0.4,0.5,0,0.55,0.22,"MIT"
118,"CBP4_YEAST",0.35,0.52,0.48,0.22,0.5,0,0.26,0.22,"MIT"
720,"YDA2_YEAST",0.49,0.27,0.57,0.18,0.5,0.83,0.54,0.22,"POX"
367,"GEF1_YEAST",0.49,0.31,0.34,0.13,0.5,0,0.52,0.22,"ME3"
1128,"SNP2_YEAST",0.51,0.5,0.54,0.11,0.5,0,0.6,0.22,"NUC"
1350,"SLP1_YEAST",0.56,0.68,0.42,0.36,0.5,0,0.49,0.22,"CYT"
484,"YJ90_YEAST",0.65,0.61,0.39,0.3,0.5,0,0.57,0.28,"ME3"
930,"R13A_YEAST",0.54,0.55,0.56,0.14,0.5,0,0.5,0.25,"CYT"
706,"NUP2_YEAST",0.25,0.36,0.58,0.3,0.5,0,0.58,0.31,"NUC"
1,"ADT2_YEAST",0.43,0.67,0.48,0.27,0.5,0,0.53,0.22,"MIT"
1309,"UBC1_YEAST",0.56,0.46,0.51,0.25,0.5,0,0.54,0.22,"CYT"
307,"FAD1_YEAST",0.43,0.51,0.48,0.14,0.5,0,0.5,0.22,"CYT"
312,"F16P_YEAST",0.58,0.6,0.51,0.24,0.5,0,0.53,0.22,"CYT"
1163,"SRD1_YEAST",0.53,0.25,0.59,0.27,0.5,0,0.45,0.26,"NUC"
326,"YKW0_YEAST",0.81,0.9,0.39,0.41,0.5,0,0.53,0.22,"ME2"
520,"ODP2_YEAST",0.48,0.57,0.52,0.61,0.5,0,0.51,0.22,"MIT"
552,"MBP1_YEAST",0.5,0.49,0.52,0.2,0.5,0,0.43,0.52,"NUC"
407,"H4_YEAST",0.37,0.34,0.58,0.24,0.5,0,0.44,0.18,"NUC"
674,"NAT1_YEAST",0.5,0.36,0.53,0.41,0.5,0,0.55,0.36,"CYT"
609,"RM02_YEAST",0.6,0.51,0.6,0.38,0.5,0.83,0.52,0.24,"MIT"
734,"PDC2_YEAST",0.51,0.46,0.57,0.25,0.5,0,0.53,0.22,"CYT"
1260,"IF41_YEAST",0.32,0.32,0.52,0.18,0.5,0,0.48,0.34,"CYT"
843,"PR08_YEAST",0.4,0.28,0.48,0.06,0.5,0,0.49,0.42,"NUC"
1275,"TOP2_YEAST",0.45,0.36,0.5,0.19,0.5,0,0.53,0.7,"NUC"
57,"OTC_YEAST",0.53,0.44,0.51,0.33,0.5,0,0.55,0.22,"CYT"
951,"RPB9_YEAST",0.34,0.47,0.48,0.32,0.5,0,0.42,0.22,"NUC"
1248,"TFB1_YEAST",0.63,0.58,0.57,0.1,0.5,0,0.52,0.33,"NUC"
412,"HIR2_YEAST",0.61,0.57,0.45,0.21,0.5,0,0.5,0.42,"NUC"
1018,"RS28_YEAST",0.38,0.5,0.52,0.44,0.5,0,0.54,0.11,"CYT"
1140,"SPK1_YEAST",0.44,0.43,0.46,0.28,0.5,0,0.45,0.29,"NUC"
421,"HOP1_YEAST",0.29,0.68,0.47,0.26,0.5,0,0.47,0.37,"NUC"
1021,"RS31_YEAST",0.57,0.48,0.54,0.22,0.5,0,0.5,0.11,"CYT"
331,"FUR1_YEAST",0.69,0.6,0.5,0.31,0.5,0,0.55,0.22,"CYT"
1400,"YCH0_YEAST",0.55,0.35,0.36,0.29,0.5,0,0.51,0.22,"ME3"
980,"RL3A_YEAST",0.43,0.33,0.67,0.12,0.5,0,0.45,0.23,"CYT"
61,"ARG1_YEAST",0.37,0.32,0.47,0.18,0.5,0,0.45,0.25,"NUC"
542,"MA3S_YEAST",0.39,0.37,0.56,0.15,0.5,0,0.5,0.27,"CYT"
1304,"EFTU_YEAST",0.61,0.73,0.5,0.58,0.5,0,0.5,0.22,"MIT"
1114,"SMD1_YEAST",0.48,0.55,0.58,0.18,0.5,0,0.38,0.69,"NUC"
1207,"INV1_YEAST",0.74,0.82,0.46,0.24,0.5,0,0.5,0.31,"EXC"
28,"KAD2_YEAST",0.63,0.67,0.57,0.24,0.5,0,0.49,0.22,"MIT"
1206,"TF2B_YEAST",0.58,0.64,0.42,0.3,0.5,0,0.54,0.22,"NUC"
380,"GPDA_YEAST",0.44,0.51,0.48,0.38,0.5,0,0.52,0.22,"CYT"
1222,"SWI4_YEAST",0.55,0.38,0.52,0.16,0.5,0,0.49,0.64,"NUC"
10,"ACE1_YEAST",0.43,0.39,0.54,0.21,0.5,0,0.53,0.27,"NUC"
398,"HDF1_YEAST",0.43,0.42,0.54,0.22,0.5,0,0.57,0.33,"NUC"
446,"HXT5_YEAST",0.43,0.45,0.37,0.12,0.5,0,0.48,0.22,"ME3"
924,"RN14_YEAST",0.37,0.58,0.5,0.22,0.5,0,0.47,0.22,"NUC"
535,"MAC1_YEAST",0.52,0.49,0.57,0.57,0.5,0,0.51,0.22,"NUC"
1131,"SODC_YEAST",0.55,0.57,0.51,0.07,0.5,0,0.55,0.22,"CYT"
671,"NAM7_YEAST",0.37,0.41,0.45,0.14,0.5,0,0.47,0.22,"CYT"
738,"CNA2_YEAST",0.39,0.58,0.5,0.1,0.5,0,0.51,0.25,"CYT"
763,"K6P2_YEAST",0.62,0.43,0.49,0.29,0.5,0,0.5,0.27,"CYT"
152,"CC6_YEAST",0.41,0.39,0.44,0.34,0.5,0,0.48,0.4,"NUC"
462,"IMP2_YEAST",0.35,0.49,0.47,0.22,0.5,0,0.5,0.28,"MIT"
756,"RTPT_YEAST",0.48,0.45,0.59,0.35,0.5,0,0.55,0.3,"MIT"
1040,"PRCI_YEAST",0.56,0.42,0.52,0.14,0.5,0,0.51,0.22,"CYT"
23,"ADH1_YEAST",0.43,0.53,0.52,0.13,0.5,0,0.55,0.22,"CYT"
463,"IATP_YEAST",0.47,0.63,0.66,0.45,0.5,0,0.37,0.11,"MIT"
540,"MAK3_YEAST",0.5,0.34,0.62,0.19,0.5,0,0.57,0.22,"CYT"
1256,"IF4A_YEAST",0.38,0.42,0.5,0.19,0.5,0,0.44,0.22,"CYT"
581,"GRPE_YEAST",0.45,0.48,0.63,0.67,0.5,0,0.48,0.22,"MIT"
553,"MCM1_YEAST",0.18,0.48,0.46,0.12,0.5,0,0,0.25,"NUC"
979,"RL2_YEAST",0.63,0.64,0.45,0.26,0.5,0,0.43,0.22,"CYT"
1415,"EF3_YEAST",0.48,0.58,0.47,0.17,0.5,0,0.53,0.74,"CYT"
999,"RLA3_YEAST",0.73,0.6,0.47,0.2,0.5,0,0.72,0.22,"CYT"
1483,"G6PD_YEAST",0.65,0.54,0.54,0.13,0.5,0,0.53,0.22,"CYT"
262,"DYR_YEAST",0.8,0.46,0.5,0.15,0.5,0,0.53,0.22,"CYT"
64,"ARO1_YEAST",0.54,0.48,0.44,0.08,0.5,0,0.52,0.27,"CYT"
204,"COX2_YEAST",0.59,0.61,0.34,0.22,0.5,0,0.51,0.22,"MIT"
927,"ROX3_YEAST",0.43,0.44,0.64,0.19,0.5,0,0.38,0.33,"NUC"
649,"MS16_YEAST",0.61,0.59,0.47,0.49,0.5,0,0.54,0.22,"MIT"
258,"DBP2_YEAST",0.23,0.2,0.53,0.2,0.5,0,0.44,0.22,"NUC"
694,"NOP3_YEAST",0.44,0.34,0.61,0.13,0.5,0,0.49,0.26,"NUC"
744,"ODPX_YEAST",0.45,0.58,0.59,0.44,0.5,0,0.56,0.22,"MIT"
348,"E2BG_YEAST",0.45,0.42,0.52,0.2,0.5,0,0.5,0.25,"CYT"
1463,"YKW2_YEAST",0.41,0.47,0.5,0.14,0.5,0,0.53,0.37,"NUC"
802,"PMT2_YEAST",0.27,0.49,0.36,0.26,0.5,0,0.49,0.26,"ME3"
476,"YJ12_YEAST",0.5,0.46,0.42,0.32,0.5,0,0.56,0.55,"ME3"
872,"RAD1_YEAST",0.24,0.41,0.47,0.16,0.5,0,0.51,0.38,"NUC"
154,"CC68_YEAST",0.36,0.68,0.46,0.16,0.5,0,0.53,0.28,"NUC"
956,"RPC6_YEAST",0.37,0.45,0.53,0.14,0.5,0,0.49,0.22,"NUC"
993,"RL6_YEAST",0.54,0.44,0.55,0.48,0.5,0,0.47,0.22,"CYT"
1133,"SOF1_YEAST",0.36,0.32,0.55,0.27,0.5,0,0.47,0.43,"NUC"
564,"MDS1_YEAST",0.46,0.57,0.52,0.28,0.5,0,0.52,0.22,"NUC"
207,"COXA_YEAST",0.49,0.6,0.43,0.56,0.5,0,0.36,0.22,"MIT"
1442,"YHY0_YEAST",0.82,0.63,0.47,0.18,0.5,0,0.5,0.22,"POX"
1063,"PMM_YEAST",0.54,0.51,0.56,0.15,0.5,0,0.54,0.31,"CYT"
515,"MSF1_YEAST",0.36,0.44,0.57,0.18,0.5,0,0.42,0.22,"MIT"
1290,"TRM1_YEAST",0.53,0.45,0.52,0.29,0.5,0,0.55,0.38,"MIT"
969,"RL1A_YEAST",0.61,0.48,0.56,0.19,0.5,0,0.53,0.31,"CYT"
863,"PYC1_YEAST",0.46,0.43,0.5,0.24,0.5,0,0.48,0.31,"CYT"
1268,"SRP2_YEAST",0.8,0.83,0.43,0.24,0.5,0,0.54,0.22,"ME1"
1089,"SHR3_YEAST",0.7,0.57,0.34,0.19,0.5,0,0.53,0.27,"ME2"
63,"ARG3_YEAST",0.41,0.46,0.59,0.19,0.5,0,0.58,0.27,"NUC"
27,"KAD1_YEAST",0.57,0.47,0.6,0.18,0.5,0,0.51,0.22,"CYT"
413,"HIS7_YEAST",0.56,0.44,0.56,0.19,0.5,0,0.54,0.22,"CYT"
739,"PDI_YEAST",0.7,0.84,0.49,0.28,1,0,0.58,0.22,"ERL"
58,"ARLY_YEAST",0.38,0.49,0.53,0.19,0.5,0,0.5,0.22,"CYT"
1045,"DHSB_YEAST",0.53,0.51,0.55,0.57,0.5,0,0.46,0.22,"MIT"
45,"ANC1_YEAST",0.53,0.31,0.58,0.39,0.5,0,0.47,0.37,"NUC"
240,"CYC2_YEAST",0.4,0.56,0.48,0.14,0.5,0,0.47,0.22,"MIT"
268,"DPB3_YEAST",0.53,0.61,0.52,0.21,0.5,0,0.55,0.3,"NUC"
1056,"SC18_YEAST",0.34,0.46,0.52,0.19,0.5,0,0.53,0.26,"CYT"
1053,"SC14_YEAST",0.38,0.4,0.53,0.12,0.5,0,0.55,0.22,"CYT"
592,"MASY_YEAST",0.42,0.5,0.53,0.22,0.5,0.83,0.5,0.22,"POX"
682,"NHP2_YEAST",0.36,0.44,0.51,0.17,0.5,0,0.6,0.19,"NUC"
616,"RM31_YEAST",0.58,0.52,0.61,0.33,0.5,0,0.38,0.11,"MIT"
824,"PRCH_YEAST",0.42,0.53,0.57,0.17,0.5,0,0.49,0.22,"CYT"
273,"DSS4_YEAST",0.56,0.52,0.55,0.19,0.5,0,0.54,0.22,"CYT"
1232,"TCPE_YEAST",0.62,0.42,0.47,0.16,0.5,0,0.52,0.22,"CYT"
834,"PR02_YEAST",0.3,0.3,0.46,0.32,0.5,0,0.45,0.22,"NUC"
211,"COX8_YEAST",0.55,0.45,0.45,0.54,0.5,0,0.5,0.22,"MIT"
545,"MA6R_YEAST",0.33,0.38,0.53,0.26,0.5,0,0.52,0.27,"NUC"
1139,"SPB4_YEAST",0.57,0.55,0.51,0.18,0.5,0,0.51,0.43,"NUC"
945,"RPB3_YEAST",0.54,0.57,0.55,0.18,0.5,0,0.5,0.22,"NUC"
562,"MDM1_YEAST",0.49,0.44,0.45,0.22,0.5,0,0.51,0.22,"CYT"
1466,"YK68_YEAST",0.32,0.29,0.29,0.08,0.5,0,0.52,0.22,"ME3"
354,"GCN2_YEAST",0.37,0.33,0.5,0.12,0.5,0,0.51,0.54,"CYT"
823,"PRCD_YEAST",0.53,0.59,0.48,0.14,0.5,0,0.51,0.22,"CYT"
1157,"SPT8_YEAST",0.52,0.31,0.56,0.16,0.5,0,0.55,0.22,"NUC"
482,"YJ49_YEAST",0.7,0.73,0.37,0.37,0.5,0,0.48,0.31,"ME1"
164,"CHL4_YEAST",0.57,0.51,0.53,0.18,0.5,0,0.56,0.25,"NUC"
256,"DBF4_YEAST",0.35,0.4,0.59,0.22,0.5,0,0.47,0.37,"NUC"
1176,"HS75_YEAST",0.6,0.46,0.51,0.1,0.5,0,0.48,0.31,"CYT"
1196,"GBB_YEAST",0.44,0.4,0.53,0.19,0.5,0,0.48,0.27,"CYT"
487,"KAR1_YEAST",0.23,0.34,0.41,0.28,0.5,0,0.5,0.27,"NUC"
1294,"TRPD_YEAST",0.45,0.76,0.51,0.25,0.5,0,0.59,0.22,"CYT"
1461,"YKS8_YEAST",0.74,0.75,0.45,0.44,0.5,0,0.52,0.22,"POX"
688,"NMD2_YEAST",0.36,0.3,0.5,0.19,0.5,0,0.55,0.3,"NUC"
177,"KC22_YEAST",0.49,0.31,0.49,0.35,0.5,0,0.51,0.29,"NUC"
1123,"SNF3_YEAST",0.37,0.4,0.38,0.18,0.5,0,0.51,0.22,"ME3"
1220,"ADR6_YEAST",0.48,0.17,0.37,0.33,0.5,0,0.44,0.36,"NUC"
1303,"TBA3_YEAST",0.59,0.46,0.55,0.17,0.5,0,0.52,0.25,"CYT"
44,"MAN1_YEAST",0.37,0.36,0.56,0.18,0.5,0,0.48,0.26,"VAC"
1240,"TF3B_YEAST",0.49,0.51,0.52,0.13,0.5,0,0.51,0.33,"NUC"
573,"MET2_YEAST",0.4,0.47,0.48,0.18,0.5,0,0.46,0.22,"CYT"
1125,"SNF5_YEAST",0.66,0.43,0.57,0.6,0.5,0,0.19,0.33,"NUC"
104,"CAP2_YEAST",0.47,0.39,0.55,0.24,0.5,0,0.47,0.22,"CYT"
1259,"TIF3_YEAST",0.47,0.56,0.58,0.19,0.5,0,0.44,0.64,"CYT"
469,"IRA2_YEAST",0.4,0.45,0.42,0.17,0.5,0,0.54,0.26,"ME3"
13,"ACON_YEAST",0.6,0.4,0.52,0.46,0.5,0,0.53,0.22,"MIT"
140,"IF4E_YEAST",0.39,0.47,0.56,0.16,0.5,0,0.47,0.22,"CYT"
237,"MTC_YEAST",0.38,0.51,0.75,0.17,0.5,0,0.55,0.22,"CYT"
1029,"RRN7_YEAST",0.42,0.38,0.52,0.29,0.5,0,0.42,0.22,"NUC"
984,"R37A_YEAST",0.4,0.45,0.61,0.29,0.5,0,0.44,0.22,"CYT"
605,"RT02_YEAST",0.57,0.4,0.62,0.3,0.5,0,0.48,0.11,"MIT"
926,"ROX1_YEAST",0.5,0.36,0.64,0.37,0.5,0,0.37,0.33,"NUC"
1416,"YEA6_YEAST",0.42,0.71,0.45,0.15,0.5,0,0.48,0.22,"ME3"
206,"COX4_YEAST",0.5,0.52,0.6,0.51,0.5,0,0.48,0.22,"MIT"
1061,"SC23_YEAST",0.41,0.49,0.47,0.09,0.5,0,0.49,0.22,"CYT"
642,"SYMM_YEAST",0.51,0.48,0.51,0.43,0.5,0,0.49,0.22,"MIT"
1292,"TRPE_YEAST",0.33,0.46,0.53,0.12,0.5,0,0.5,0.27,"CYT"
714,"OPI1_YEAST",0.58,0.51,0.56,0.16,0.5,0,0.34,0.22,"NUC"
1066,"S61A_YEAST",0.55,0.72,0.35,0.26,0.5,0,0.49,0.22,"ME3"
471,"IS42_YEAST",0.58,0.55,0.52,0.22,0.5,0,0.44,0.22,"MIT"
1337,"VATL_YEAST",0.73,0.59,0.35,0.15,0.5,0,0.54,0.22,"VAC"
724,"PAS1_YEAST",0.56,0.48,0.5,0.3,0.5,0,0.51,0.22,"CYT"
459,"ILV5_YEAST",0.57,0.61,0.55,0.67,0.5,0,0.48,0.22,"MIT"
700,"NUF1_YEAST",0.51,0.34,0.49,0.16,0.5,0,0.53,0.21,"NUC"
1465,"YK44_YEAST",0.58,0.56,0.38,0.39,0.5,0,0.54,0.57,"NUC"
796,"PMP1_YEAST",0.95,0.71,0.27,0.39,0.5,0,0.31,0.22,"ME2"
1091,"NOT4_YEAST",0.47,0.44,0.53,0.18,0.5,0,0.47,0.29,"NUC"
1152,"SPT3_YEAST",0.59,0.49,0.45,0.22,0.5,0,0.45,0.31,"NUC"
770,"PGM2_YEAST",0.28,0.36,0.55,0.15,0.5,0,0.57,0.22,"CYT"
1026,"RS8_YEAST",0.37,0.3,0.62,0.43,0.5,0,0.44,0.39,"CYT"
382,"PMGY_YEAST",0.55,0.41,0.56,0.21,0.5,0,0.52,0.22,"CYT"
443,"HXT2_YEAST",0.49,0.4,0.34,0.26,0.5,0,0.5,0.22,"ME3"
1300,"GLRX_YEAST",0.52,0.5,0.6,0.2,0.5,0,0.52,0.22,"CYT"
1174,"HS73_YEAST",0.51,0.48,0.51,0.26,0.5,0,0.51,0.27,"CYT"
174,"CISY_YEAST",0.38,0.68,0.44,0.45,0.5,0,0.53,0.22,"MIT"
336,"GAC1_YEAST",0.55,0.66,0.57,0.32,0.5,0,0.57,0.34,"CYT"
1395,"YCK1_YEAST",0.71,0.51,0.49,0.23,0.5,0,0.3,0.32,"ME2"
234,"CHI2_YEAST",0.82,0.75,0.54,0.23,0.5,0,0.46,0.22,"EXC"
776,"PHO4_YEAST",0.44,0.42,0.57,0.22,0.5,0,0.5,0.25,"NUC"
803,"POB1_YEAST",0.49,0.48,0.52,0.2,0.5,0,0.55,0.22,"NUC"
1052,"SC13_YEAST",0.49,0.38,0.56,0.09,0.5,0,0.46,0.22,"CYT"
1437,"YHR0_YEAST",0.8,0.73,0.47,0.19,0.5,0,0.49,0.22,"ME1"
875,"RA16_YEAST",0.33,0.28,0.5,0.4,0.5,0,0.46,0.61,"NUC"
531,"LYP1_YEAST",0.46,0.14,0.36,0.21,0.5,0,0.5,0.25,"ME3"
1408,"YCV1_YEAST",0.75,0.73,0.35,0.33,0.5,0,0.49,0.28,"ME1"
684,"NHPB_YEAST",0.11,0.41,0.67,0.13,0.5,0,0.45,0.29,"NUC"
1404,"SYN_YEAST",0.47,0.41,0.53,0.27,0.5,0,0.47,0.25,"MIT"
1274,"TOP1_YEAST",0.41,0.42,0.53,0.17,0.5,0,0.48,0.58,"NUC"
518,"AMPL_YEAST",0.42,0.32,0.48,0.16,0.5,0,0.55,0.22,"VAC"
1472,"YOX1_YEAST",0.59,0.67,0.54,0.19,0.5,0,0.48,0.6,"NUC"
493,"ODO1_YEAST",0.54,0.51,0.54,0.52,0.5,0,0.47,0.25,"MIT"
147,"CAL1_YEAST",0.39,0.55,0.48,0.31,0.5,0,0.54,0.29,"CYT"
1059,"SC21_YEAST",0.44,0.71,0.5,0.21,0.5,0,0.54,0.27,"CYT"
109,"OAT_YEAST",0.27,0.6,0.48,0.23,0.5,0,0.55,0.22,"CYT"
309,"FAS2_YEAST",0.63,0.62,0.42,0.12,0.5,0,0.52,0.25,"CYT"
1012,"RS22_YEAST",0.46,0.39,0.54,0.22,0.5,0,0.48,0.25,"CYT"
232,"CTR1_YEAST",0.36,0.37,0.33,0.14,0.5,0,0.57,0.31,"ME3"
683,"NHPA_YEAST",0.39,0.34,0.68,0.3,0.5,0,0.5,0.29,"NUC"
873,"RA10_YEAST",0.61,0.39,0.53,0.14,0.5,0,0.43,0.26,"NUC"
1412,"YCZ6_YEAST",0.58,0.44,0.45,0.32,0.5,0,0.52,0.37,"NUC"
690,"FBRL_YEAST",0.35,0.44,0.54,0.26,0.5,0,0.52,0.26,"NUC"
368,"GFA1_YEAST",0.52,0.51,0.51,0.12,0.5,0,0.51,0.4,"CYT"
1344,"VM12_YEAST",0.4,0.36,0.32,0.16,0.5,0,0.51,0.27,"VAC"
1371,"ADB1_YEAST",0.47,0.41,0.46,0.18,0.5,0,0.53,0.22,"ME3"
270,"SYDC_YEAST",0.46,0.35,0.53,0.16,0.5,0,0.51,0.29,"CYT"
998,"RLA2_YEAST",0.69,0.54,0.55,0.23,0.5,0,0.73,0.22,"CYT"
371,"HXKG_YEAST",0.48,0.39,0.49,0.18,0.5,0,0.51,0.22,"CYT"
1219,"SUV3_YEAST",0.61,0.54,0.54,0.38,0.5,0,0.54,0.29,"MIT"
127,"CCPR_YEAST",0.46,0.71,0.48,0.53,0.5,0,0.53,0.22,"MIT"
149,"CC46_YEAST",0.51,0.34,0.5,0.19,0.5,0,0.5,0.22,"NUC"
783,"PHR_YEAST",0.5,0.42,0.57,0.49,0.5,0,0.48,0.27,"NUC"
422,"HPR1_YEAST",0.5,0.45,0.49,0.15,0.5,0,0.55,0.43,"NUC"
1138,"SPA2_YEAST",0.5,0.45,0.51,0.19,0.5,0,0.53,0.25,"CYT"
997,"RLA1_YEAST",0.66,0.6,0.52,0.19,0.5,0,0.69,0.22,"CYT"
263,"DYHC_YEAST",0.6,0.56,0.47,0.2,0.5,0,0.5,0.38,"NUC"
590,"MLH1_YEAST",0.66,0.54,0.49,0.16,0.5,0,0.54,0.36,"NUC"
394,"HAP3_YEAST",0.28,0.51,0.55,0.11,0.5,0,0.46,0.22,"NUC"
1251,"TFC3_YEAST",0.47,0.38,0.5,0.15,0.5,0,0.49,0.47,"NUC"
667,"NAB2_YEAST",0.56,0.63,0.52,0.2,0.5,0,0.34,0.26,"NUC"
940,"RPA1_YEAST",0.56,0.49,0.54,0.15,0.5,0,0.5,0.35,"NUC"
7,"BAF1_YEAST",0.48,0.45,0.59,0.2,0.5,0,0.58,0.34,"NUC"
151,"CC48_YEAST",0.44,0.39,0.53,0.14,0.5,0,0.54,0.44,"CYT"
880,"RAD3_YEAST",0.52,0.5,0.51,0.2,0.5,0,0.51,0.22,"NUC"
653,"SYWM_YEAST",0.44,0.53,0.53,0.37,0.5,0,0.51,0.22,"MIT"
257,"DBP1_YEAST",0.42,0.32,0.5,0.21,0.5,0,0.51,0.22,"NUC"
948,"RPB6_YEAST",0.27,0.31,0.55,0.13,0.5,0,0.5,0.22,"NUC"
1397,"YCA9_YEAST",0.58,0.63,0.52,0.7,0.5,0,0.46,0.22,"MIT"
646,"MSP1_YEAST",0.63,0.6,0.5,0.27,0.5,0,0.55,0.22,"MIT"
1205,"STV1_YEAST",0.58,0.43,0.32,0.11,0.5,0,0.49,0.22,"VAC"
24,"ADH2_YEAST",0.46,0.53,0.52,0.15,0.5,0,0.58,0.22,"CYT"
607,"RT04_YEAST",0.42,0.53,0.53,0.64,0.5,0,0.47,0.22,"MIT"
981,"RL3B_YEAST",0.43,0.33,0.67,0.12,0.5,0,0.43,0.23,"CYT"
8,"ABF2_YEAST",0.55,0.5,0.66,0.36,0.5,0,0.49,0.22,"MIT"
1153,"SPT4_YEAST",0.73,0.52,0.59,0.25,0.5,0,0.51,0.22,"NUC"
142,"NOT2_YEAST",0.64,0.6,0.57,0.19,0.5,0,0.43,0.22,"NUC"
971,"R16A_YEAST",0.44,0.56,0.52,0.18,0.5,0,0.5,0.11,"CYT"
1249,"TFC1_YEAST",0.54,0.67,0.56,0.15,0.5,0,0.57,0.33,"NUC"
188,"P2B2_YEAST",0.59,0.5,0.52,0.28,0.5,0,0.55,0.25,"CYT"
304,"EUG1_YEAST",0.77,0.8,0.51,0.4,1,0,0.54,0.22,"ERL"
547,"MPP2_YEAST",0.5,0.62,0.54,0.66,0.5,0,0.49,0.22,"MIT"
498,"KIN2_YEAST",0.36,0.35,0.47,0.22,0.5,0,0.44,0.31,"ME3"
977,"RL27_YEAST",0.58,0.45,0.55,0.27,0.5,0,0.48,0.11,"CYT"
983,"RL34_YEAST",0.38,0.43,0.53,0.22,0.5,0,0.48,0.11,"CYT"
846,"PRC5_YEAST",0.28,0.51,0.55,0.19,0.5,0,0.57,0.22,"CYT"
43,"ALG8_YEAST",0.41,0.54,0.39,0.2,0.5,0,0.51,0.22,"ME3"
1282,"TPM1_YEAST",0.42,0.45,0.75,0.21,0.5,0,0.48,0.22,"CYT"
1069,"SC65_YEAST",0.41,0.4,0.56,0.17,0.5,0,0.56,0.22,"CYT"
554,"MCM2_YEAST",0.26,0.38,0.52,0.36,0.5,0,0.48,0.56,"NUC"
22,"PUR3_YEAST",0.73,0.63,0.42,0.3,0.5,0,0.49,0.22,"CYT"
1448,"YIN0_YEAST",0.35,0.29,0.46,0.14,0.5,0,0.54,0.66,"NUC"
1186,"S61G_YEAST",0.49,0.31,0.43,0.24,0.5,0,0.54,0.22,"ME3"
1041,"TAT2_YEAST",0.39,0.46,0.33,0.18,0.5,0,0.53,0.22,"ME3"
1065,"SEC6_YEAST",0.46,0.38,0.51,0.2,0.5,0,0.51,0.22,"CYT"
120,"NC5R_YEAST",0.64,0.62,0.29,0.28,0.5,0,0.51,0.22,"MIT"
1101,"SKI3_YEAST",0.32,0.6,0.48,0.13,0.5,0,0.53,0.22,"NUC"
415,"HMD2_YEAST",0.53,0.68,0.34,0.42,0.5,0,0.54,0.27,"ME3"
1230,"RL3_YEAST",0.48,0.44,0.46,0.37,0.5,0,0.46,0.36,"CYT"
1226,"SYG1_YEAST",0.31,0.51,0.38,0.18,0.5,0,0.46,0.31,"ME3"
181,"CG11_YEAST",0.49,0.43,0.51,0.13,0.5,0,0.47,0.22,"CYT"
1017,"R272_YEAST",0.39,0.65,0.57,0.19,0.5,0,0.43,0.25,"CYT"
713,"PORI_YEAST",0.41,0.49,0.58,0.22,0.5,0,0.52,0.22,"MIT"
725,"PTSR_YEAST",0.5,0.5,0.54,0.16,0.5,0,0.49,0.22,"POX"
259,"DBR1_YEAST",0.55,0.54,0.56,0.22,0.5,0,0.5,0.37,"NUC"
1392,"YB8G_YEAST",0.65,0.62,0.26,0.33,0.5,0,0.55,0.22,"ME3"
659,"MYS2_YEAST",0.53,0.41,0.5,0.24,1,0,0.47,0.22,"CYT"
523,"LEU2_YEAST",0.51,0.43,0.47,0.19,0.5,0,0.52,0.37,"CYT"
625,"RM08_YEAST",0.55,0.5,0.6,0.31,0.5,0,0.46,0.27,"MIT"
1216,"SUP2_YEAST",0.23,0.29,0.46,0,0.5,0,0.43,0.31,"CYT"
1283,"TPM2_YEAST",0.39,0.45,0.75,0.17,0.5,0,0.51,0.22,"CYT"
46,"ANP1_YEAST",0.74,0.75,0.58,0.47,0.5,0,0.4,0.35,"ME2"
754,"PT17_YEAST",0.75,0.6,0.43,0.35,0.5,0,0.45,0.27,"MIT"
1298,"TSM1_YEAST",0.5,0.5,0.48,0.34,0.5,0,0.52,0.27,"NUC"
88,"BAS1_YEAST",0.5,0.52,0.59,0.3,0.5,0,0.51,0.35,"NUC"
1068,"NPL1_YEAST",0.65,0.66,0.37,0.12,0.5,0,0.52,0.27,"ME3"
1208,"INV2_YEAST",0.74,0.82,0.46,0.24,0.5,0,0.48,0.22,"EXC"
352,"E2BB_YEAST",0.59,0.65,0.52,0.3,0.5,0,0.46,0.31,"CYT"
517,"BLH1_YEAST",0.52,0.48,0.58,0.55,0.5,0,0.48,0.22,"CYT"
521,"LCB1_YEAST",0.83,0.53,0.52,0.2,0.5,0,0.48,0.25,"ME2"
1453,"YKA8_YEAST",0.3,0.37,0.4,0.45,0.5,0,0.48,0.41,"ME3"
769,"PGM1_YEAST",0.43,0.45,0.53,0.19,0.5,0,0.56,0.22,"CYT"
921,"RME1_YEAST",0.45,0.49,0.57,0.25,0.5,0,0.48,0.22,"NUC"
337,"GAL1_YEAST",0.48,0.35,0.42,0.21,0.5,0,0.57,0.22,"CYT"
1380,"YBT6_YEAST",0.54,0.44,0.38,0.22,0.5,0,0.54,0.3,"ME3"
99,"BIK1_YEAST",0.64,0.57,0.57,0.27,0.5,0,0.37,0.22,"CYT"
1389,"YB72_YEAST",0.57,0.52,0.46,0.2,0.5,0.83,0.52,0.41,"POX"
1023,"RS37_YEAST",0.41,0.49,0.65,0.28,0.5,0,0.59,0.57,"CYT"
1036,"SAG1_YEAST",0.77,0.86,0.44,0.27,0.5,0,0.48,0.22,"ME1"
1027,"RS8_YEAST",0.37,0.3,0.62,0.43,0.5,0,0.44,0.39,"CYT"
585,"MIF2_YEAST",0.37,0.31,0.53,0.16,0.5,0,0.53,0.44,"NUC"
1388,"YB54_YEAST",0.4,0.4,0.43,0.19,0.5,0.83,0.48,0.22,"POX"
131,"CC11_YEAST",0.4,0.62,0.52,0.31,0.5,0,0.49,0.31,"CYT"
404,"HEM3_YEAST",0.46,0.45,0.56,0.16,0.5,0,0.56,0.22,"CYT"
300,"FDFT_YEAST",0.53,0.68,0.42,0.19,0.5,0,0.53,0.22,"ME3"
864,"PYC2_YEAST",0.43,0.46,0.5,0.21,0.5,0,0.49,0.34,"CYT"
339,"GALY_YEAST",0.56,0.59,0.53,0.16,0.5,0,0.24,0.42,"NUC"
638,"MSH2_YEAST",0.32,0.45,0.44,0.2,0.5,0,0.55,0.33,"NUC"
38,"DHA1_YEAST",0.59,0.53,0.43,0.44,0.5,0,0.5,0.22,"MIT"
1252,"TFC4_YEAST",0.33,0.17,0.52,0.13,0.5,0,0.51,0.75,"NUC"
1278,"TPIS_YEAST",0.44,0.49,0.49,0.27,0.5,0,0.52,0.22,"CYT"
918,"RIM1_YEAST",0.55,0.38,0.64,0.42,0.5,0,0.47,0.22,"MIT"
908,"RFA2_YEAST",0.46,0.41,0.58,0.1,0.5,0,0.48,0.22,"NUC"
1003,"RPC1_YEAST",0.56,0.61,0.52,0.19,0.5,0,0.52,0.32,"NUC"
1280,"KAPB_YEAST",0.49,0.46,0.54,0.18,0.5,0,0.35,0.22,"CYT"
301,"ERS1_YEAST",0.73,0.55,0.41,0.16,0.5,0,0.46,0.22,"ME2"
512,"KTR2_YEAST",0.76,0.74,0.56,0.34,0.5,0,0.51,0.3,"ME2"
640,"MSH4_YEAST",0.49,0.46,0.42,0.46,0.5,0,0.55,0.22,"NUC"
566,"EFG2_YEAST",0.49,0.48,0.46,0.63,0.5,0,0.52,0.22,"MIT"
735,"DCP2_YEAST",0.49,0.45,0.46,0.18,0.5,0,0.49,0.31,"CYT"
1192,"GBG_YEAST",0.36,0.37,0.63,0.25,0.5,0,0.3,0.22,"CYT"
941,"RPA3_YEAST",0.57,0.37,0.43,0.27,0.5,0,0.53,0.28,"NUC"
878,"RA23_YEAST",0.43,0.48,0.53,0.18,0.5,0,0.46,0.22,"NUC"
280,"ATN2_YEAST",0.36,0.49,0.3,0.22,0.5,0,0.52,0.31,"ME3"
736,"DCP3_YEAST",0.52,0.46,0.51,0.18,0.5,0,0.5,0.22,"CYT"
253,"DA82_YEAST",0.56,0.43,0.54,0.16,0.5,0,0.5,0.22,"NUC"
950,"RPB8_YEAST",0.44,0.5,0.55,0.24,0.5,0,0.48,0.22,"NUC"
898,"RAT1_YEAST",0.53,0.46,0.54,0.37,0.5,0,0.51,0.3,"NUC"
1132,"SODM_YEAST",0.54,0.47,0.58,0.4,0.5,0,0.46,0.27,"MIT"
434,"HS82_YEAST",0.61,0.54,0.49,0.19,0.5,0,0.54,0.47,"CYT"
156,"KTHY_YEAST",0.42,0.43,0.56,0.1,0.5,0,0.49,0.22,"CYT"
36,"YMX1_YEAST",0.72,0.61,0.45,0.3,0.5,0,0.54,0.25,"MIT"
390,"GPDM_YEAST",0.69,0.5,0.49,0.42,0.5,0,0.49,0.22,"MIT"
1200,"STF2_YEAST",0.28,0.18,0.72,0.26,0.5,0,0.49,0.25,"MIT"
248,"DAL4_YEAST",0.55,0.42,0.34,0.3,0.5,0,0.52,0.22,"ME3"
360,"GCR3_YEAST",0.17,0.38,0.45,0.09,0.5,0,0.54,0.27,"NUC"
41,"ALG5_YEAST",0.86,0.74,0.51,0.4,0.5,0,0.55,0.22,"ME2"
266,"DMC1_YEAST",0.43,0.39,0.54,0.14,0.5,0,0.47,0.22,"NUC"
1158,"SRB2_YEAST",0.49,0.48,0.51,0.21,0.5,0,0.53,0.22,"NUC"
76,"ATPT_YEAST",0.63,0.53,0.54,0.4,0.5,0,0.5,0.22,"MIT"
1398,"YCD8_YEAST",0.3,0.68,0.41,0.17,0.5,0,0.51,0.22,"ME3"
753,"PT12_YEAST",0.45,0.53,0.47,0.43,0.5,0,0.5,0.27,"MIT"
1269,"TKT1_YEAST",0.58,0.55,0.51,0.13,0.5,0,0.52,0.22,"CYT"
1455,"YKD8_YEAST",0.38,0.4,0.39,0.19,0.5,0,0.46,0.62,"NUC"
960,"RPD3_YEAST",0.37,0.3,0.51,0.15,0.5,0,0.58,0.26,"NUC"
645,"MSN4_YEAST",0.51,0.56,0.62,0.24,0.5,0,0.52,0.51,"NUC"
1352,"VP45_YEAST",0.46,0.52,0.51,0.13,0.5,0,0.47,0.22,"CYT"
1217,"RS4_YEAST",0.25,0.48,0.45,0.32,0.5,0,0.4,0.22,"CYT"
447,"HXT6_YEAST",0.45,0.57,0.3,0.17,0.5,0,0.51,0.22,"ME3"
229,"CATA_YEAST",0.37,0.53,0.6,0.19,0.5,0.5,0.42,0.22,"POX"
1366,"PDR4_YEAST",0.57,0.53,0.6,0.28,0.5,0,0.52,0.45,"NUC"
126,"CCL1_YEAST",0.4,0.38,0.53,0.16,0.5,0,0.52,0.27,"NUC"
1064,"SC59_YEAST",0.51,0.51,0.32,0.27,0.5,0,0.54,0.22,"ME3"
1322,"UME6_YEAST",0.6,0.57,0.63,0.22,0.5,0,0.5,0.49,"NUC"
1136,"RL35_YEAST",0.52,0.47,0.58,0.18,0.5,0,0.34,0.11,"CYT"
150,"YB52_YEAST",0.58,0.5,0.5,0.12,0.5,0,0.48,0.25,"NUC"
890,"RAD7_YEAST",0.49,0.49,0.51,0.29,0.5,0,0.52,0.71,"NUC"
1348,"VP17_YEAST",0.25,0.4,0.54,0.16,0.5,0,0.43,0.22,"CYT"
844,"PR09_YEAST",0.51,0.39,0.56,0.25,0.5,0,0.51,0.33,"NUC"
669,"NAM1_YEAST",0.51,0.46,0.54,0.41,0.5,0,0.53,0.22,"MIT"
509,"SYKC_YEAST",0.43,0.45,0.54,0.14,0.5,0,0.5,0.31,"CYT"
333,"FUS1_YEAST",0.84,0.66,0.36,0.78,0.5,0,0.49,0.5,"ME1"
1258,"IF4A_YEAST",0.38,0.42,0.5,0.19,0.5,0,0.44,0.22,"CYT"
78,"ATPE_YEAST",0.63,0.57,0.59,0.4,0.5,0,0.38,0.22,"MIT"
561,"MDL2_YEAST",0.72,0.56,0.4,0.26,0.5,0,0.51,0.26,"ME2"
465,"INO2_YEAST",0.56,0.45,0.59,0.14,0.5,0,0.51,0.26,"NUC"
249,"DAL5_YEAST",0.34,0.42,0.3,0.23,0.5,0,0.53,0.22,"ME3"
839,"PR39_YEAST",0.32,0.48,0.49,0.17,0.5,0,0.47,0.22,"NUC"
1475,"YP53_YEAST",0.71,0.5,0.5,0.18,0.5,0,0.46,0.22,"CYT"
437,"H2B1_YEAST",0.32,0.34,0.61,0.17,0.5,0,0.52,0.32,"NUC"
633,"MRS4_YEAST",0.4,0.74,0.49,0.16,0.5,0,0.51,0.22,"MIT"
272,"ATC4_YEAST",0.51,0.55,0.35,0.16,0.5,0,0.51,0.47,"ME3"
243,"RL2A_YEAST",0.45,0.27,0.57,0.36,0.5,0,0.52,0.18,"CYT"
239,"CYC1_YEAST",0.46,0.54,0.71,0.15,0.5,0,0.59,0.22,"MIT"
1054,"SC15_YEAST",0.55,0.55,0.52,0.13,0.5,0,0.53,0.25,"CYT"
543,"MA3R_YEAST",0.33,0.37,0.54,0.28,0.5,0,0.53,0.27,"NUC"
1286,"TPS3_YEAST",0.4,0.44,0.5,0.13,0.5,0,0.52,0.39,"CYT"
708,"OCH1_YEAST",0.83,0.57,0.42,0.57,0.5,0,0.5,0.32,"ME2"
134,"CC23_YEAST",0.35,0.58,0.54,0.16,0.5,0,0.51,0.22,"NUC"
746,"PE12_YEAST",0.28,0.46,0.26,0.18,0.5,0,0.39,0.22,"VAC"
879,"RA26_YEAST",0.47,0.43,0.48,0.16,0.5,0,0.46,0.27,"NUC"
1289,"TRNL_YEAST",0.49,0.38,0.49,0.15,0.5,0,0.53,0.25,"NUC"
1047,"SDH4_YEAST",0.47,0.58,0.47,0.52,0.5,0,0.54,0.22,"MIT"
1445,"YIB3_YEAST",0.52,0.46,0.34,0.2,0.5,0,0.51,0.25,"ME3"
780,"PH84_YEAST",0.38,0.45,0.37,0.19,0.5,0,0.52,0.3,"ME3"
298,"ERG7_YEAST",0.34,0.38,0.45,0.19,0.5,0,0.51,0.22,"ME2"
772,"PPAB_YEAST",0.74,0.72,0.5,0.28,0.5,0,0.5,0.27,"EXC"
837,"PR28_YEAST",0.62,0.41,0.52,0.17,0.5,0,0.48,0.22,"NUC"
1030,"RTG1_YEAST",0.41,0.46,0.58,0.08,0.5,0,0.51,0.28,"NUC"
967,"RL12_YEAST",0.59,0.51,0.48,0.12,0.5,0,0.54,0.31,"CYT"
130,"CC10_YEAST",0.5,0.64,0.57,0.15,0.5,0,0.47,0.22,"CYT"
1421,"YHA8_YEAST",0.63,0.65,0.42,0.18,0.5,0,0.54,0.27,"ME3"
128,"CCR4_YEAST",0.53,0.51,0.55,0.05,0.5,0,0.45,0.25,"NUC"
784,"PIF1_YEAST",0.59,0.61,0.51,0.62,0.5,0,0.51,0.38,"MIT"
567,"MEIX_YEAST",0.7,0.53,0.42,0.22,0.5,0,0.51,0.28,"NUC"
62,"ARG2_YEAST",0.48,0.43,0.51,0.32,0.5,0,0.52,0.43,"NUC"
932,"RL18_YEAST",0.45,0.5,0.57,0.29,0.5,0,0.44,0.11,"CYT"
1098,"SIR4_YEAST",0.33,0.42,0.55,0.23,0.5,0,0.52,0.43,"NUC"
475,"IXR1_YEAST",0.42,0.32,0.61,0.13,0.5,0,0.14,0.27,"NUC"
548,"MPP1_YEAST",0.47,0.54,0.54,0.48,0.5,0,0.53,0.26,"MIT"
34,"AGA1_YEAST",0.78,0.74,0.42,0.26,0.5,0,0.43,0.22,"ME1"
247,"CYT2_YEAST",0.27,0.39,0.66,0.11,0.5,0,0.44,0.22,"MIT"
1360,"YAC2_YEAST",0.49,0.53,0.36,0.15,0.5,0,0.52,0.27,"ME3"
1223,"SWI5_YEAST",0.41,0.39,0.61,0.17,0.5,0,0.5,0.61,"NUC"
797,"PMP2_YEAST",0.97,0.71,0.29,0.42,0.5,0,0.35,0.22,"ME2"
1109,"SLU7_YEAST",0.19,0.16,0.68,0.36,0.5,0,0.49,0.21,"NUC"
707,"NU49_YEAST",0.69,0.62,0.49,0,1,0,0.47,0.22,"NUC"
473,"ITR1_YEAST",0.49,0.41,0.32,0.21,0.5,0,0.5,0.32,"ME3"
1367,"AP17_YEAST",0.53,0.52,0.49,0.27,0.5,0,0.51,0.22,"CYT"
251,"DA80_YEAST",0.59,0.58,0.56,0.21,0.5,0,0.54,0.33,"NUC"
791,"PLB1_YEAST",0.78,0.69,0.44,0.26,0.5,0,0.54,0.22,"ME1"
1179,"HS77_YEAST",0.51,0.5,0.49,0.45,0.5,0,0.48,0.22,"MIT"
74,"ATPY_YEAST",0.46,0.49,0.58,0.23,0.5,0,0.44,0.22,"MIT"
96,"BGL2_YEAST",0.69,0.7,0.52,0.36,0.5,0,0.46,0.22,"EXC"
914,"RGM1_YEAST",0.42,0.21,0.59,0.3,0.5,0,0.47,0.27,"NUC"
345,"GAR1_YEAST",0.35,0.68,0.57,0.4,0.5,0,0.53,0.36,"NUC"
1336,"VATB_YEAST",0.44,0.35,0.55,0.14,0.5,0,0.52,0.22,"VAC"
663,"YN70_YEAST",0.51,0.65,0.53,0.19,0.5,0,0.49,0.22,"EXC"
1105,"SLA1_YEAST",0.37,0.55,0.52,0.13,0.5,0,0.42,0.8,"CYT"
764,"6P2K_YEAST",0.45,0.41,0.49,0.14,1,0,0.53,0.3,"CYT"
306,"LCF2_YEAST",0.35,0.46,0.49,0.15,1,0,0.55,0.35,"CYT"
937,"R61A_YEAST",0.51,0.39,0.58,0.19,0.5,0,0.47,0.22,"CYT"
747,"PEP3_YEAST",0.51,0.46,0.49,0.21,0.5,0,0.55,0.22,"VAC"
1323,"UNG_YEAST",0.53,0.44,0.54,0.52,0.5,0,0.49,0.38,"NUC"
340,"GAL2_YEAST",0.44,0.51,0.37,0.15,0.5,0,0.51,0.22,"ME3"
214,"CARB_YEAST",0.35,0.66,0.49,0.21,0.5,0,0.54,0.25,"CYT"
428,"CH10_YEAST",0.55,0.53,0.56,0.29,0.5,0,0.48,0.22,"MIT"
970,"RL1A_YEAST",0.61,0.48,0.56,0.19,0.5,0,0.53,0.31,"CYT"
1450,"YIR3_YEAST",0.85,0.85,0.3,0.31,0.5,0,0.55,0.42,"ME1"
743,"PDS1_YEAST",0.37,0.42,0.6,0.13,0.5,0,0.51,0.22,"NUC"
384,"SYG_YEAST",0.4,0.48,0.5,0.17,0.5,0,0.54,0.5,"CYT"
226,"CSE2_YEAST",0.53,0.38,0.66,0.25,0.5,0,0.43,0.22,"NUC"
1346,"VP15_YEAST",0.65,0.63,0.47,0.22,0.5,0,0.52,0.27,"CYT"
1338,"VATE_YEAST",0.6,0.37,0.52,0.15,0.5,0,0.55,0.26,"VAC"
954,"RPC9_YEAST",0.31,0.6,0.65,0.18,0.5,0,0.46,0.22,"NUC"
1417,"YEP0_YEAST",0.38,0.37,0.36,0.14,0.5,0,0.54,0.22,"ME3"
308,"FAS1_YEAST",0.57,0.61,0.45,0.26,0.5,0,0.5,0.22,"CYT"
305,"EXG1_YEAST",0.77,0.87,0.47,0.37,0.5,0,0.48,0.22,"EXC"
451,"IDH1_YEAST",0.53,0.56,0.49,0.46,0.5,0,0.52,0.22,"MIT"
730,"ATC2_YEAST",0.53,0.51,0.36,0.13,0.5,0,0.52,0.22,"ME3"
836,"PR22_YEAST",0.68,0.39,0.5,0.15,0.5,0,0.48,0.37,"NUC"
958,"RPC4_YEAST",0.36,0.49,0.55,0.21,0.5,0,0.55,0.33,"NUC"
260,"DED1_YEAST",0.36,0.24,0.49,0.16,0.5,0,0.51,0.22,"NUC"
1155,"SPT6_YEAST",0.23,0.13,0.51,0.16,0.5,0,0.53,0.51,"NUC"
1314,"UBIQ_YEAST",0.46,0.47,0.62,0.3,0.5,0,0.38,0.22,"CYT"
1384,"YB32_YEAST",0.4,0.44,0.47,0.25,0.5,0,0.54,0.56,"NUC"
245,"CYS3_YEAST",0.51,0.53,0.55,0.14,0.5,0,0.51,0.22,"CYT"
812,"CAO_YEAST",0.46,0.37,0.48,0.36,0.5,0,0.48,0.22,"POX"
1246,"T2EA_YEAST",0.55,0.79,0.45,0.25,0.5,0,0.51,0.22,"NUC"
1317,"UBP3_YEAST",0.27,0.43,0.5,0.13,0.5,0,0.54,0.31,"CYT"
327,"SYFA_YEAST",0.45,0.4,0.56,0.14,0.5,0,0.54,0.22,"CYT"
862,"PUT4_YEAST",0.58,0.53,0.33,0.26,0.5,0,0.51,0.22,"ME3"
187,"P2B1_YEAST",0.32,0.42,0.52,0.24,0.5,0,0.6,0.22,"CYT"
1456,"YKE6_YEAST",0.77,0.74,0.37,0.29,0.5,0,0.45,0.22,"ME1"
1358,"YAB8_YEAST",0.69,0.66,0.36,0.09,0.5,0,0.56,0.22,"ME1"
438,"H2B2_YEAST",0.34,0.34,0.61,0.18,0.5,0,0.52,0.32,"NUC"
790,"PIS_YEAST",0.47,0.61,0.5,0.23,0.5,0,0.49,0.22,"ME3"
1164,"RCC_YEAST",0.31,0.5,0.54,0.32,0.5,0,0.53,0.31,"NUC"
357,"GCN5_YEAST",0.31,0.31,0.54,0.18,0.5,0,0.52,0.29,"NUC"
1211,"SUI1_YEAST",0.39,0.39,0.65,0.16,0.5,0,0.45,0.22,"CYT"
356,"GCN4_YEAST",0.56,0.54,0.59,0.14,0.5,0,0.52,0.27,"NUC"
1444,"YIA6_YEAST",0.51,0.59,0.46,0.13,0.5,0,0.48,0.22,"MIT"
295,"ERG3_YEAST",0.58,0.53,0.38,0.18,0.5,0,0.52,0.22,"ME3"
1369,"YAP3_YEAST",0.71,0.79,0.41,0.38,0.5,0,0.54,0.22,"ME1"
261,"DEP1_YEAST",0.38,0.48,0.59,0.22,0.5,0,0.46,0.22,"CYT"
1306,"TYE7_YEAST",0.36,0.52,0.61,0.33,0.5,0,0.52,0.37,"NUC"
884,"RA51_YEAST",0.55,0.59,0.53,0.15,0.5,0,0.49,0.22,"NUC"
861,"PUT3_YEAST",0.29,0.4,0.41,0.48,0.5,0,0.53,0.3,"NUC"
1411,"YCY8_YEAST",0.28,0.48,0.36,0.16,0.5,0,0.53,0.22,"ME3"
254,"DAP2_YEAST",0.36,0.68,0.38,0.08,0.5,0,0.53,0.25,"VAC"
1355,"XRS2_YEAST",0.64,0.56,0.52,0.17,0.5,0,0.54,0.47,"NUC"
171,"CIN1_YEAST",0.48,0.61,0.44,0.2,0.5,0,0.47,0.22,"CYT"
417,"MAT2_YEAST",0.51,0.48,0.58,0.22,0.5,0,0.5,0.28,"NUC"
486,"JNM1_YEAST",0.42,0.25,0.6,0.14,0.5,0,0.45,0.22,"CYT"
994,"RL71_YEAST",0.35,0.39,0.56,0.2,0.5,0,0.49,0.41,"CYT"
618,"RM33_YEAST",0.57,0.58,0.58,0.35,0.5,0,0.49,0.22,"MIT"
913,"RFT1_YEAST",0.4,0.66,0.34,0.21,0.5,0,0.52,0.26,"NUC"
293,"FPPS_YEAST",0.55,0.56,0.45,0.14,0.5,0,0.54,0.22,"CYT"
1297,"TSL1_YEAST",0.79,0.56,0.53,0.19,0.5,0,0.47,0.35,"CYT"
978,"RL2_YEAST",0.63,0.64,0.45,0.26,0.5,0,0.43,0.22,"CYT"
596,"MOD5_YEAST",0.67,0.51,0.54,0.21,0.5,0,0.43,0.3,"MIT"
246,"CY1_YEAST",0.44,0.68,0.45,0.51,0.5,0,0.52,0.41,"MIT"
1087,"GLYM_YEAST",0.47,0.56,0.53,0.44,0.5,0,0.53,0.22,"MIT"
170,"CIK1_YEAST",0.31,0.44,0.53,0.23,0.5,0,0.51,0.32,"NUC"
1331,"VAC1_YEAST",0.55,0.44,0.5,0.09,0.5,0,0.55,0.22,"VAC"
1476,"YPT7_YEAST",0.61,0.48,0.54,0.25,0.5,0,0.5,0.22,"CYT"
196,"UCR1_YEAST",0.58,0.58,0.58,0.49,0.5,0,0.49,0.26,"MIT"
1396,"YCK2_YEAST",0.59,0.48,0.49,0.49,0.5,0,0.36,0.32,"CYT"
427,"HSF_YEAST",0.34,0.35,0.61,0.19,0.5,0,0.52,0.25,"NUC"
634,"MSB2_YEAST",0.76,0.76,0.35,0.27,0.5,0,0.44,0.22,"ME1"
1458,"PMT_YEAST",0.5,0.61,0.44,0.2,0.5,0,0.49,0.22,"MIT"
1365,"YAG7_YEAST",0.49,0.49,0.4,0.2,0.5,0,0.48,0.26,"ME3"
1236,"TCPZ_YEAST",0.49,0.48,0.52,0.24,0.5,0,0.5,0.22,"CYT"
86,"YBR8_YEAST",0.39,0.44,0.35,0.16,0.5,0,0.55,0.22,"ME3"
1077,"SED4_YEAST",0.52,0.55,0.39,0.09,1,0,0.55,0.25,"ME3"
1372,"CACM_YEAST",0.45,0.39,0.46,0.29,0.5,0,0.42,0.22,"MIT"
696,"NSR1_YEAST",0.3,0.55,0.58,0.16,0.5,0,0.61,0.28,"NUC"
1237,"G3P1_YEAST",0.59,0.48,0.49,0.42,0.5,0,0.52,0.22,"CYT"
1245,"EF1H_YEAST",0.54,0.48,0.55,0.33,0.5,0,0.55,0.4,"CYT"
250,"MASZ_YEAST",0.44,0.53,0.52,0.23,0.5,0.83,0.51,0.22,"POX"
1165,"SRPI_YEAST",0.25,0.33,0.48,0.18,0.5,0,0.42,0.33,"NUC"
816,"PPR1_YEAST",0.42,0.28,0.51,0.23,0.5,0,0.53,0.27,"NUC"
89,"BCK1_YEAST",0.42,0.47,0.52,0.41,0.5,0,0.53,0.32,"CYT"
577,"METE_YEAST",0.29,0.46,0.54,0.27,0.5,0,0.49,0.22,"CYT"
103,"CAD1_YEAST",0.48,0.23,0.57,0.27,0.5,0,0.48,0.47,"NUC"
1020,"RS3_YEAST",0.51,0.52,0.58,0.17,0.5,0,0.47,0.28,"CYT"
115,"CBP1_YEAST",0.45,0.45,0.5,0.6,0.5,0,0.49,0.22,"MIT"
492,"KEX2_YEAST",0.7,0.73,0.38,0.36,0.5,0,0.54,0.22,"ME1"
934,"RS24_YEAST",0.61,0.38,0.57,0.36,0.5,0,0.44,0.21,"CYT"
919,"RIM2_YEAST",0.45,0.43,0.5,0.25,0.5,0,0.47,0.22,"MIT"
1058,"SC20_YEAST",0.46,0.47,0.44,0.18,1,0,0.46,0.22,"ME2"
1086,"SHM1_YEAST",0.56,0.59,0.45,0.15,0.5,0,0.54,0.22,"MIT"
409,"H3_YEAST",0.39,0.39,0.55,0.52,0.5,0,0.37,0.16,"NUC"
317,"FHL1_YEAST",0.33,0.44,0.49,0.08,0.5,0,0.48,0.49,"NUC"
654,"MTD1_YEAST",0.57,0.4,0.48,0.24,0.5,0,0.55,0.22,"CYT"
1351,"VP34_YEAST",0.57,0.47,0.48,0.17,0.5,0,0.52,0.26,"VAC"
947,"RPB5_YEAST",0.4,0.3,0.57,0.13,0.5,0,0.46,0.22,"NUC"
1199,"STF1_YEAST",0.55,0.41,0.67,0.61,0.5,0,0.49,0.14,"MIT"
923,"RN12_YEAST",0.56,0.51,0.32,0.49,0.5,0,0.48,0.22,"NUC"
1276,"TOP3_YEAST",0.53,0.51,0.54,0.21,0.5,0,0.45,0.22,"NUC"
1370,"AP54_YEAST",0.33,0.49,0.46,0.22,0.5,0,0.53,0.33,"ME3"
866,"UCRX_YEAST",0.5,0.62,0.52,0.3,0.5,0,0.56,0.22,"MIT"
603,"RT13_YEAST",0.51,0.42,0.56,0.38,0.5,0,0.46,0.22,"MIT"
324,"FPS1_YEAST",0.42,0.52,0.4,0.17,0.5,0,0.5,0.26,"ME3"
787,"PIR1_YEAST",0.77,0.78,0.51,0.28,0.5,0,0.33,0.22,"EXC"
370,"PP12_YEAST",0.49,0.47,0.52,0.16,0.5,0,0.53,0.28,"CYT"
808,"PCNA_YEAST",0.49,0.71,0.54,0.13,0.5,0,0.58,0.22,"NUC"
48,"APE3_YEAST",0.74,0.57,0.51,0.28,0.5,0,0.58,0.22,"VAC"
1451,"YKJ5_YEAST",0.36,0.48,0.61,0.26,0.5,0,0.5,0.16,"NUC"
584,"MGMT_YEAST",0.54,0.52,0.54,0.2,0.5,0,0.55,0.25,"NUC"
804,"DPOA_YEAST",0.36,0.39,0.54,0.16,0.5,0,0.5,0.28,"NUC"
840,"PR04_YEAST",0.34,0.35,0.58,0.2,0.5,0,0.46,0.32,"NUC"
231,"CTK1_YEAST",0.31,0.46,0.54,0.52,0.5,0,0.5,0.34,"NUC"
692,"NOP4_YEAST",0.33,0.48,0.55,0.16,0.5,0,0.53,0.75,"NUC"
69,"ASG2_YEAST",0.81,0.85,0.47,0.37,0.5,0,0.56,0.22,"EXC"
1241,"TEC1_YEAST",0.45,0.4,0.56,0.15,0.5,0,0.52,0.22,"NUC"
460,"IME1_YEAST",0.54,0.45,0.62,0.13,0.5,0,0.52,0.26,"NUC"
537,"MAG_YEAST",0.46,0.32,0.58,0.17,0.5,0,0.61,0.25,"NUC"
1318,"UBR1_YEAST",0.42,0.46,0.44,0.17,0.5,0,0.51,0.42,"CYT"
1320,"UGA4_YEAST",0.42,0.51,0.33,0.16,0.5,0,0.54,0.22,"ME3"
1284,"TPS1_YEAST",0.63,0.54,0.53,0.27,0.5,0,0.49,0.22,"CYT"
281,"END2_YEAST",0.78,0.7,0.32,0.23,0.5,0,0.53,0.22,"ME1"
992,"RL4B_YEAST",0.56,0.35,0.47,0.35,0.5,0,0.52,0.22,"CYT"
1210,"SUG1_YEAST",0.58,0.37,0.58,0.16,0.5,0,0.51,0.22,"NUC"
621,"RM38_YEAST",0.6,0.46,0.59,0.16,0.5,0,0.49,0.22,"MIT"
1399,"YCG9_YEAST",0.74,0.73,0.32,0.2,0.5,0,0.55,0.22,"ME1"
1423,"YHB7_YEAST",0.83,0.94,0.32,0.21,0.5,0,0.51,0.22,"ME1"
155,"CC7_YEAST",0.42,0.31,0.5,0.15,0.5,0,0.53,0.22,"NUC"
597,"MOT1_YEAST",0.58,0.46,0.46,0.34,0.5,0,0.5,0.43,"NUC"
1429,"YHG2_YEAST",0.2,0.6,0.5,0.29,0.5,0,0.51,0.22,"ME3"
1007,"R19B_YEAST",0.52,0.43,0.61,0.22,0.5,0,0.45,0.22,"CYT"
702,"NUP1_YEAST",0.45,0.41,0.58,0.48,0.5,0,0.53,0.64,"NUC"
1310,"UBC4_YEAST",0.47,0.46,0.49,0.27,0.5,0,0.59,0.22,"CYT"
148,"RFC1_YEAST",0.26,0.36,0.47,0.34,0.5,0,0.53,0.72,"NUC"
1419,"YGL1_YEAST",0.38,0.56,0.38,0.16,0.5,0,0.53,0.22,"ME3"
522,"LCB2_YEAST",0.36,0.34,0.46,0.19,0.5,0,0.52,0.22,"ME2"
491,"KEX1_YEAST",0.67,0.63,0.34,0.41,0.5,0,0.6,0.33,"ME1"
1122,"SNF2_YEAST",0.33,0.47,0.55,0.24,0.5,0,0.45,0.67,"NUC"
168,"CHS2_YEAST",0.39,0.42,0.38,0.4,0.5,0,0.49,0.47,"ME3"
191,"CYB_YEAST",0.61,0.72,0.31,0.33,0.5,0,0.56,0.22,"MIT"
972,"R16B_YEAST",0.36,0.56,0.52,0.18,0.5,0,0.45,0.16,"CYT"
1044,"DHSA_YEAST",0.56,0.65,0.49,0.56,0.5,0,0.49,0.22,"MIT"
938,"RPA9_YEAST",0.72,0.51,0.52,0.08,0.5,0,0.54,0.22,"NUC"
961,"RL1_YEAST",0.35,0.33,0.48,0.42,0.5,0,0.47,0.43,"CYT"
952,"RPCX_YEAST",0.5,0.56,0.63,0.25,0.5,0,0.42,0.22,"NUC"
1129,"YBC6_YEAST",0.54,0.6,0.57,0.17,0.5,0,0.44,0.22,"NUC"
1426,"YHD5_YEAST",0.38,0.67,0.33,0.17,0.5,0,0.51,0.22,"ME3"
1363,"YAF3_YEAST",0.77,0.78,0.27,0.37,0.5,0,0.49,0.22,"ME1"
833,"PR19_YEAST",0.48,0.41,0.54,0.39,0.5,0,0.51,0.22,"NUC"
1315,"UBP1_YEAST",0.59,0.7,0.46,0.19,0.5,0,0.54,0.44,"CYT"
1432,"YHK5_YEAST",0.92,0.66,0.52,0.23,0.5,0,0.53,0.22,"ME1"
1180,"SSD1_YEAST",0.45,0.45,0.51,0.3,0.5,0,0.48,0.44,"CYT"
885,"RA52_YEAST",0.31,0.39,0.55,0.28,0.5,0,0.46,0.31,"NUC"
1171,"CAP_YEAST",0.52,0.56,0.55,0.16,0.5,0,0.53,0.39,"CYT"
505,"KRE2_YEAST",0.89,0.82,0.6,0.49,0.5,0,0.55,0.22,"ME2"
143,"NOT1_YEAST",0.37,0.46,0.4,0.27,0.5,0,0.45,0.22,"NUC"
641,"SYKM_YEAST",0.5,0.56,0.49,0.61,0.5,0,0.5,0.22,"MIT"
